id,nombre,codigo_centro,titularidad,tipo_centro,etapas,lat,lng,zona,direccion,cp,municipio,provincia,telefono,fax,email,web,horario,jornada_partida,bilingüe
1,A.E.P.A. Alburquerque,6007156,Centro Público,Adultos,ESO,39.21986,-6.99704,1,"Monjas, S / N",06510,Alburquerque,Badajoz,924015578,924015578,aepa.alburquerque@edu.juntaex.es,https://aepaalburquerque.educarex.es,Mañana,No,No
2,A.E.P.A. Burguillos del Cerro,6007259,Centro Público,Adultos,ESO,38.37927,-6.58851,4,"Plaza Gabriel y Galán, 3",06370,Burguillos del Cerro,Badajoz,924029992,924029993,aepa.burguillosdelcerro@edu.juntaex.es,https://,Mañana,No,No
3,A.E.P.A. Cabeza del Buey,6011020,Centro Público,Adultos,ESO,38.72383,-5.21613,3,"Maestre Yañez,9",06600,Cabeza del Buey,Badajoz,924600822,924020521,aepa.cabezadelbuey@edu.juntaex.es,https://,Mañana,No,No
4,A.E.P.A. Fregenal de la Sierra,6007296,Centro Público,Adultos,ESO,38.16627,-6.65577,4,Álamo S / N,06340,Fregenal de la Sierra,Badajoz,924022454,924022455,aepa.fregenalsierra@edu.juntaex.es,https://,Mañana,No,No
5,A.E.P.A. Fuente de Cantos,6007314,Centro Público,Adultos,ESO,38.24846,-6.30268,4,"Paseo Extremadura, s/n",06240,Fuente de Cantos,Badajoz,924580430,0,aepa.fuentedecantos@edu.juntaex.es,https://,Mañana,No,No
6,A.E.P.A. Fuente del Maestre,6007201,Centro Público,Adultos,ESO,38.64357,-6.48145,4,"Calle Sevilla, s/n",06360,Fuente del Maestre,Badajoz,924028760,0,aepa.fuentedelmaestre@edu.juntaex.es,https://,Mañana,No,No
7,A.E.P.A. Guareña,6011032,Centro Público,Adultos,ESO,38.86289,-6.10541,2,"Avda. De San Ginés, s/n",06470,Guareña,Badajoz,924350724,924352008,aepa.guarena@edu.juntaex.es,https://,Mañana,No,No
8,A.E.P.A. Herrera del Duque,6007341,Centro Público,Adultos,ESO,39.16837,-5.04869,3,"Cantarranas, 62",06670,Herrera del Duque,Badajoz,924019730,924019731,aepa.herreradelduque@edu.juntaex.es,https://aepaherreraduque.educarex.es,Mañana,No,No
9,A.E.P.A. Llerena,6007302,Centro Público,Adultos,ESO,38.24155,-6.01557,4,"Avda. Jesús de Nazaret, S / N",06900,Llerena,Badajoz,924026534,0,aepa.llerena@edu.juntaex.es,https://,Mañana,No,No
10,A.E.P.A. Navalvillar de Pela,6007351,Centro Público,Adultos,ESO,39.09128,-5.46611,3,"Fabrica, 8",06760,Navalvillar de Pela,Badajoz,924021625,924021626,aepa.navalvillardepela@edu.juntaex.es,https://,Mañana,No,No
11,A.E.P.A. Oliva de la Frontera,6007284,Centro Público,Adultos,ESO,38.27451,-6.91847,4,"Encinasola, 31",06120,Oliva de la Frontera,Badajoz,924025630,924025631,aepa.olivafrontera@edu.juntaex.es,https://,Mañana,No,No
12,A.E.P.A. Orellana,6007211,Centro Público,Adultos,ESO,39.00963,-5.53383,3,"La Cruz, 3",06740,Orellana la Vieja,Badajoz,924021862,0,aepa.orellana@edu.juntaex.es,https://aepaorellana.educarex.es,Mañana,No,No
13,A.E.P.A. Quintana de la Serena,6007235,Centro Público,Adultos,ESO,38.74036,-5.66969,3,"Vasco Núñez, 17",06450,Quintana de la Serena,Badajoz,924020720,924020721,aepa.quintanadelaserena@edu.juntaex.es,https://aepaquitanaser.educarex.es,Mañana,No,No
14,A.E.P.A. Ribera del Fresno,6007193,Centro Público,Adultos,ESO,38.55190,-6.24145,2,"Virgen del Pilar, 2",06225,Ribera del Fresno,Badajoz,924028774,924028775,aepa.riberadelfresno@edu.juntaex.es,https://aepariberafresno.educarex.es,Mañana,No,No
15,A.E.P.A. San Vicente de Alcántara,6007168,Centro Público,Adultos,ESO,39.36350,-7.13908,1,"Parque de España, 2",06500,San Vicente de Alcántara,Badajoz,924015520,924015521,aepa.svicentedealcantara@edu.juntaex.es,https://aepavicentealc.educarex.es,Mañana,No,No
16,A.E.P.A. Los Santos de Maimona,6007260,Centro Público,Adultos,ESO,38.45019,-6.37465,4,"Rollanes, 17",06230,"Santos de Maimona, Los",Badajoz,924029949,0,aepa.lossantosdemaimona@edu.juntaex.es,https://,Mañana,No,No
17,A.E.P.A. Zalamea,6007247,Centro Público,Adultos,ESO,38.64966,-5.66398,3,"Camino Ancho, 78",06430,Zalamea de la Serena,Badajoz,924020758,924020721,aepa.zalamea@edu.juntaex.es,https://aepazalamea.educarex.es,Mañana,No,No
18,A.E.P.A. Alcuéscar,10500321,Centro Público,Adultos,ESO,39.18028,-6.23048,5,"Avda. De la Constitución, 33.-1º",10160,Alcuéscar,Cáceres,927023552,0,aepa.alcuescar@edu.juntaex.es,https://,Mañana,No,No
19,A.E.P.A. Arroyo de la Luz,10012171,Centro Público,Adultos,ESO,39.48927,-6.58787,5,C/ San Marcos Nº 46,10900,Arroyo de la Luz,Cáceres,927270347,927271332,aepa.arroyodelaluz@edu.juntaex.es,https://aepaarroyodelaluz.educarex.es,Mañana,No,No
20,A.E.P.A. Brozas,10008153,Centro Público,Adultos,ESO,39.61240,-6.77962,5,Ramón y Cajal nº 1 (Centro Cultural),10950,Brozas,Cáceres,927018552,924018553,aepa.brozas@edu.juntaex.es,https://,Mañana,No,No
21,A.E.P.A. Caminomorisco,10008098,Centro Público,Adultos,ESO,40.32616,-6.28940,6,"Avenida de las Hurdes, S / N",10008,Caminomorisco,Cáceres,0,0,aepa.caminomorisco@edu.juntaex.es,https://,Mañana,No,No
22,A.E.P.A. Casar de Cáceres,10008025,Centro Público,Adultos,ESO,39.55673,-6.41727,5,Barriada de la Diputación,10190,Casar de Cáceres,Cáceres,927006830,,aepa.casardecaceres@edu.juntaex.es,https://,Mañana,No,No
23,A.E.P.A. Garrovillas,10600315,Centro Público,Adultos,ESO,39.71128,-6.54898,5,"Ramón y Cajal, 32",10940,Garrovillas de Alconétar,Cáceres,927023552,0,aepa.garrovillas@edu.juntaex.es,https://,Mañana,No,No
24,A.E.P.A. Guadalupe,10008104,Centro Público,Adultos,ESO,39.45296,-5.32554,8,C/ Viña Mayor s/n,10140,Guadalupe,Cáceres,927022526,927022527,aepa.guadalupe@edu.juntaex.es,https://,Mañana,No,No
25,A.E.P.A. Hervás,10008062,Centro Público,Adultos,ESO,40.27547,-5.86042,7,"Plaza González Fiori, 5",10700,Hervás,Cáceres,927014855,927014855,aepa.hervas@edu.juntaex.es,https://,Mañana,No,No
26,A.E.P.A. Logrosán,10008037,Centro Público,Adultos,ESO,39.33586,-5.49660,8,"Avda.Hernández Serrano,S / N",10120,Logrosán,Cáceres,927022540,0,aepa.logrosan@edu.juntaex.es,https://,Mañana,No,No
27,A.E.P.A. Losar de la Vera,10008086,Centro Público,Adultos,ESO,40.11964,-5.60860,7,C. L-16,10460,Losar de la Vera,Cáceres,0,0,aepa.losardelavera@edu.juntaex.es,https://aepalosarvera.educarex.es,Mañana,No,No
28,A.E.P.A. Madrigalejo,10008116,Centro Público,Adultos,ESO,39.13692,-5.62638,8,"Rosa Vellon, S / N",10110,Madrigalejo,Cáceres,927029528,927029529,aepa.madrigalejo@edu.juntaex.es,https://aepamadrigalejo.educarex.es,Mañana,No,No
29,A.E.P.A. Madroñera,10008128,Centro Público,Adultos,ESO,39.42333,-5.75923,8,"Real, S / N-Casa de la Cultura",10210,Madroñera,Cáceres,0,0,aepa.madronera@edu.juntaex.es,https://,Mañana,No,No
30,A.E.P.A. Malpartida de Cáceres,10012181,Centro Público,Adultos,ESO,39.44553,-6.51020,5,"Antonio Plata Mogollón, S / N (Casa de Cultura)",10910,Malpartida de Cáceres,Cáceres,0,0,aepa.malpartidadecaceres@edu.juntaex.es,https://,Mañana,No,No
31,A.E.P.A. Malpartida de Plasencia,10008074,Centro Público,Adultos,ESO,39.97998,-6.04751,7,Plazuela de Gabriel y Galán-Casa Cultura,10680,Malpartida de Plasencia,Cáceres,927017916,927017917,aepa.malpartidadeplasencia@edu.juntaex.es,https://,Mañana,No,No
32,A.E.P.A. Montehermoso,10008050,Centro Público,Adultos,ESO,40.08920,-6.35314,7,"San Sebastián, S / N",10810,Montehermoso,Cáceres,0,0,aepa.montehermoso@edu.juntaex.es,https://aepamontehermoso.educarex.es,Mañana,No,No
33,A.E.P.A. Trujillo,10008131,Centro Público,Adultos,ESO,39.45604,-5.88672,8,"Avda. Ramón y Cajal, S / N",10200,Trujillo,Cáceres,927027666,927027667,aepa.trujillo@edu.juntaex.es,https://aepatrujillo.educarex.es,Mañana,No,No
34,A.E.P.A. Valencia de Alcántara,10008141,Centro Público,Adultos,ESO,39.41080,-7.24671,5,Calle Cristóbal Flores s/n,10500,Valencia de Alcántara,Cáceres,927028535,927028536,aepa.valenciadealcantara@edu.juntaex.es,https://,Mañana,No,No
35,C.E.E. Los Ángeles,6000976,Centro Público,Educación Especial,Infantil / Primaria,38.93952,-6.93098,1,"Ctra. De Badajoz-Cáceres Km 7,5 (Apdo. 177)",06080,Badajoz,Badajoz,924013432,924013435,cee.losangeles@edu.juntaex.es,https://ceelosangeles.educarex.es,Mañana,No,No
36,C.E.E. Ntra.Sra. De Aguasantas,6006012,Centro Público,Educación Especial,Infantil / Primaria,38.32535,-6.78289,4,"Ctra. De Jerez-Oliva, S / N",06380,Jerez de los Caballeros,Badajoz,924025700,924025702,cee.ntrasradeaguasantas@edu.juntaex.es,https://ceensraaguasant.educarex.es,Mañana,No,No
37,C.E.E. Casa de la Madre,6003175,Centro Público,Educación Especial,Infantil / Primaria,38.89738,-6.33052,2,"Pablo Neruda, S / N",06800,Mérida,Badajoz,924009956,924009957,cee.casadelamadre@edu.juntaex.es,https://ceecasamadre.educarex.es,Mañana,No,No
38,C.E.E. Emérita Augusta,6005858,Centro Público,Educación Especial,Infantil / Primaria,38.91001,-6.33484,2,"Tomás Romero de Castilla, S / N",06800,Mérida,Badajoz,924009944,924009941,cee.emeritaaugusta@edu.juntaex.es,https://ceeemeritaaugusta.educarex.es,Mañana,No,No
39,C.E.E. Antonio Tomillo,6005101,Centro Público,Educación Especial,Infantil / Primaria,38.42625,-6.40952,4,"Ctra. De los Santos, S / N",06300,Zafra,Badajoz,924029984,924029985,cee.antoniotomillo@edu.juntaex.es,https://ceeantoniotomi.educarex.es,Mañana,No,No
40,C.E.E. Proa,10007367,Centro Público,Educación Especial,Infantil / Primaria,39.44936,-6.39174,5,"Avda. De la Constitución, 36",10195,Cáceres,Cáceres,927006804,927006808,cee.proa@edu.juntaex.es,https://ceeproacc.educarex.es,Mañana,No,No
41,C.E.E. Ponce de León,10007690,Centro Público,Educación Especial,Infantil / Primaria,40.04178,-6.08923,7,"Pedro y Francisco González, 4",10600,Plasencia,Cáceres,927017770,927017771,cee.poncedeleon@edu.juntaex.es,https://,Mañana,No,No
42,C.E.I.P. Ntra. Sra. De la Jara,6005721,Centro Público,Educación Infantil y Primaria,Infantil / Primaria,39.07469,-5.57126,3,"Ctra. De Orellana, S / N",06730,Acedera,Badajoz,924021786,924021787,cp.ntrasradelajara@edu.juntaex.es,https://cpnsdelajara.educarex.es,Mañana,No,No
43,C.E.I.P. Ntra. Sra. De la Soledad,6000034,Centro Público,Educación Infantil y Primaria,Infantil / Primaria,38.64577,-6.48127,2,"Ctra. De Almendralejo, S / N",06207,Aceuchal,Badajoz,924017710,924017711,cp.ntrasrasoledad@edu.juntaex.es,https://cpnssoledadace.educarex.es,Mañana,No,No
44,C.E.I.P. Santiago Ramón y Cajal,6000046,Centro Público,Educación Infantil y Primaria,Infantil / Primaria,38.25620,-5.86420,4,Extramuros S / N,06940,Ahillones,Badajoz,924026500,924026501,cp.santiagoramonycajal@edu.juntaex.es,https://cpsramoncajalahi.educarex.es,Mañana,No,No
45,C.E.I.P. Cervantes,6000058,Centro Público,Educación Infantil y Primaria,Infantil / Primaria,38.78644,-6.24505,2,"Mesilla, S / N",06840,Alange,Badajoz,924024508,924024510,cp.cervantesalange@edu.juntaex.es,https://cpcervantesalan.educarex.es,Mañana,No,No
46,C.E.I.P. José Virel,6000061,Centro Público,Educación Infantil y Primaria,Infantil / Primaria,38.71673,-6.82597,1,"Francisco Meléndez, 1",06170,"Albuera, La",Badajoz,924001832,924001833,cp.josevirel@edu.juntaex.es,https://cpjosevirel.educarex.es,Mañana,No,No
47,C.E.I.P. Ángel Santos Pocostales,6000071,Centro Público,Educación Infantil y Primaria,Infantil / Primaria,39.22323,-7.00670,1,Pozo Blanco S/N,06510,Alburquerque,Badajoz,924015582,924015583,cp.angelsantos@edu.juntaex.es,https://cppedromarquez.educarex.es,Mañana,No,No
48,C.E.I.P. Virgen de la Luz,6000113,Centro Público,Educación Infantil y Primaria,Infantil / Primaria,38.51664,-7.06822,1,"Ctra.Villanueva del Fresno, S / N",06131,Alconchel,Badajoz,924016420,924016421,cp.virgendelaluzalconc@edu.juntaex.es,https://cpvdelaluzalconc.educarex.es,Mañana,No,No
49,C.E.I.P. Pedro Prieto Gonzálvez,6000137,Centro Público,Educación Infantil y Primaria,Infantil / Primaria,39.04382,-6.33073,2,C/ San Andrés nº 2,06894,Aljucén,Badajoz,924004920,924004921,cp.pedroprietogonzalvez@edu.juntaex.es,https://cpppgonzalvez.educarex.es,Mañana,No,No
50,C.E.I.P. José María Carande,6000149,Centro Público,Educación Infantil y Primaria,Infantil / Primaria,38.61411,-6.82291,1,"Plaza de España, 4",06171,Almendral,Badajoz,924013452,924013453,cp.josemariacarande@edu.juntaex.es,https://cpjosemcarande.educarex.es,Mañana,No,No
51,C.E.I.P. San Roque,6000198,Centro Público,Educación Infantil y Primaria,Infantil / Primaria,38.68116,-6.41317,2,"Panamá, 2",06200,Almendralejo,Badajoz,924017750,924017751,cp.sanroque@edu.juntaex.es,https://cpsanroque.educarex.es,Mañana,No,No
52,C.E.I.P. Francisco Montero Espinosa,6000162,Centro Público,Educación Infantil y Primaria,Infantil / Primaria,38.67698,-6.39958,2,"Manuel E.Vivas Santillán,2",06200,Almendralejo,Badajoz,924017766,924017767,cp.franciscomonteroespinosa@edu.juntaex.es,https://cpfmespinosa.educarex.es,Mañana,No,No
53,C.E.I.P. José de Espronceda,6000319,Centro Público,Educación Infantil y Primaria,Infantil / Primaria,38.67648,-6.39823,2,"Manuel E. Vivas Santillán,1",06200,Almendralejo,Badajoz,924017770,924017772,cp.josedeespronceda@edu.juntaex.es,https://cpjoseespronceda.educarex.es,Mañana,No,No
54,C.E.I.P. Ortega y Gasset,6000216,Centro Público,Educación Infantil y Primaria,Infantil / Primaria,38.67862,-6.42074,2,Puebla de la Reina s/n,06200,Almendralejo,Badajoz,924017744,924017745,cp.ortegaygasset@edu.juntaex.es,https://cportegaygasset.educarex.es,Mañana,No,No
55,C.E.I.P. San Francisco,6000186,Centro Público,Educación Infantil y Primaria,Infantil / Primaria,38.68787,-6.40783,2,"San Pablo, 2",06200,Almendralejo,Badajoz,924017762,924017763,cp.sanfranciscoalmend@edu.juntaex.es,https://cpsfranciscoalm.educarex.es,Mañana,No,No
56,C.E.I.P. Antonio Machado,6000174,Centro Público,Educación Infantil y Primaria,Infantil / Primaria,38.68529,-6.40266,2,"San Blas, 1",06200,Almendralejo,Badajoz,924017728,924017729,cp.antoniomachadoalmend@edu.juntaex.es,https://cpamachadoalm.educarex.es,Mañana,No,No
57,C.E.I.P. Príncipe de Asturias,6005573,Centro Público,Educación Infantil y Primaria,Infantil / Primaria,38.80910,-6.78923,1,"Ronda Saliente, S / N",06170,Alvarado-La Risca,Badajoz,924013485,924013484,cp.principedeasturiasalvara@edu.juntaex.es,https://cpppeasturiasalv.educarex.es,Mañana,No,No
58,C.E.I.P. Ntra. Sra. De la Soledad,6000320,Centro Público,Educación Infantil y Primaria,Infantil / Primaria,38.85664,-6.45435,2,"García Lorca, 5",06850,Arroyo de San Serván,Badajoz,924009974,924009976,cp.lasoledad@edu.juntaex.es,https://cpnssoledadarr.educarex.es,Mañana,No,No
59,C.E.I.P. General Navarro,6000472,Centro Público,Educación Infantil y Primaria,Infantil / Primaria,38.87587,-6.97339,1,"Correos, 1",06001,Badajoz,Badajoz,924001944,924001945,cp.generalnavarro@edu.juntaex.es,https://cpgralnavarrobad.educarex.es,Mañana,No,No
60,C.E.I.P. San Fernando,6005640,Centro Público,Educación Infantil y Primaria,Infantil / Primaria,38.88766,-6.98754,1,"Gabriel y Galán, 2",06006,Badajoz,Badajoz,924013464,924013465,cp.sanfernando@edu.juntaex.es,https://cpsanfernandoba.educarex.es,Mañana,No,No
61,C.E.I.P. Lope de Vega,6000484,Centro Público,Educación Infantil y Primaria,Infantil / Primaria,38.87621,-6.96708,1,"Ronda del Pilar, 26 A",06002,Badajoz,Badajoz,924001972,924001973,cp.lopedevega@edu.juntaex.es,https://cplopedevega.educarex.es,Mañana,No,No
62,C.E.I.P. Arias Montano,6000460,Centro Público,Educación Infantil y Primaria,Infantil / Primaria,38.87492,-6.97722,1,"Adelardo Covarsí, 6",06005,Badajoz,Badajoz,924001940,924001942,cp.ariasmontano@edu.juntaex.es,https://cpariasmontanoba.educarex.es,Mañana,No,No
63,C.E.I.P. Ntra. Sra. De Bótoa,6000496,Centro Público,Educación Infantil y Primaria,Infantil / Primaria,38.87428,-6.96558,1,"Antonio Cuéllar Gragera, 6",06003,Badajoz,Badajoz,924013714,924013713,cp.ntrasradebotoa@edu.juntaex.es,https://cpnsdebotoa.educarex.es,Mañana,No,No
64,C.E.I.P. Guadiana,6001154,Centro Público,Educación Infantil y Primaria,Infantil / Primaria,38.87631,-6.98293,1,"Ponferrada, 1",06011,Badajoz,Badajoz,924013416,924013417,cp.guadiana@edu.juntaex.es,https://cpguadiana.educarex.es,Mañana,No,No
65,C.E.I.P. San Pedro de Alcántara,6000538,Centro Público,Educación Infantil y Primaria,Infantil / Primaria,38.88162,-6.97201,1,"José Lanot Moreno, S / N",06001,Badajoz,Badajoz,924013524,924013525,cp.sanpedrodealcantarabadajo@edu.juntaex.es,https://cpspalcantarabad.educarex.es,Mañana,No,No
66,C.E.I.P. Los Glacis,6006644,Centro Público,Educación Infantil y Primaria,Infantil / Primaria,38.87265,-6.98395,1,"Avda.Tomás Romero de Castilla, 5",06011,Badajoz,Badajoz,924013480,924013481,cp.losglacis@edu.juntaex.es,https://cplosglacis.educarex.es,Mañana,No,No
68,C.E.I.P. Cerro de Reyes,6005731,Centro Público,Educación Infantil y Primaria,Infantil / Primaria,38.86798,-6.95982,1,"F. García Lorca, 47",06010,Badajoz,Badajoz,924013468,924013469,cp.cerrodereyes@edu.juntaex.es,https://cpcerrodereyes.educarex.es,Mañana,No,No
69,C.E.I.P. Ntra. Sra. De Fátima,6000575,Centro Público,Educación Infantil y Primaria,Infantil / Primaria,38.89196,-6.97572,1,"Avda. Del Sol, S / N",06007,Badajoz,Badajoz,924013616,924013617,cp.ntrasradefatimabadajo@edu.juntaex.es,https://cpnsdefatimabad.educarex.es,Mañana,No,No
70,C.E.I.P. Juan Vázquez,6005469,Centro Público,Educación Infantil y Primaria,Infantil / Primaria,38.88804,-6.98565,1,"Avda. De Augusto Vázquez, 9",06006,Badajoz,Badajoz,924001966,924001968,cp.juanvazquez@edu.juntaex.es,https://cpjuanvazquez.educarex.es,Mañana,No,No
71,C.E.I.P. Santa Engracia,6000541,Centro Público,Educación Infantil y Primaria,Infantil / Primaria,38.89557,-6.98113,1,"Calle de Viriato, S / N",06007,Badajoz,Badajoz,924013594,924013595,cp.santaengracia@edu.juntaex.es,https://cpsantaengracia.educarex.es,Mañana,No,No
72,C.E.I.P. Luis de Morales,6000599,Centro Público,Educación Infantil y Primaria,Infantil / Primaria,38.87520,-6.98003,1,"Juan Nogré Rauch, S / N",06005,Badajoz,Badajoz,924013426,924013428,cp.luisdemorales@edu.juntaex.es,https://cpluisdemorales.educarex.es,Mañana,No,No
73,C.E.I.P. Enrique Iglesias García,6001208,Centro Público,Educación Infantil y Primaria,Infantil / Primaria,38.87483,-6.95800,1,"Virgilio Viniegras, S / N",06009,Badajoz,Badajoz,924013604,924013605,cp.enriqueiglesiasgarcia@edu.juntaex.es,https://cpeiglesiasgcia.educarex.es,Mañana,No,No
74,C.E.I.P. Ntra. Sra. De la Soledad,6000502,Centro Público,Educación Infantil y Primaria,Infantil / Primaria,38.88056,-6.95777,1,"Porvenir, S / N",06008,Badajoz,Badajoz,924013632,924013633,cp.ntrasradelasoledadbadajo@edu.juntaex.es,https://cpnssoledadbad.educarex.es,Mañana,No,No
75,C.E.I.P. Juventud,6001178,Centro Público,Educación Infantil y Primaria,Infantil / Primaria,38.87678,-6.96319,1,"Parque de la Legión, S / N",06003,Badajoz,Badajoz,924013441,924013443,cp.juventud@edu.juntaex.es,https://cpjuventud.educarex.es,Mañana,No,No
76,C.E.I.P. Las Vaguadas,6011159,Centro Público,Educación Infantil y Primaria,Infantil / Primaria,38.85113,-6.97781,1,"Pantano de la Serena, s/n",06010,Badajoz,Badajoz,924267780,924267780,ceip.lasvaguadas@edu.juntaex.es,https://,Mañana,No,No
77,C.E.I.P. Santa Marina,6000691,Centro Público,Educación Infantil y Primaria,Infantil / Primaria,38.87510,-6.98848,1,"Avda. Del Guadiana, 16",06011,Badajoz,Badajoz,924001958,924001959,cp.santamarina@edu.juntaex.es,https://cpsantamarinaba.educarex.es,Mañana,No,No
78,C.E.I.P. Luis Vives,6000587,Centro Público,Educación Infantil y Primaria,Infantil / Primaria,38.87685,-6.95282,1,C/ Ricardo Casas Lozano nº 6,06008,Badajoz,Badajoz,924013520,924013521,cp.luisvives@edu.juntaex.es,https://cpluisvives.educarex.es,Mañana,No,No
79,C.E.I.P. Mirador de Cerro Gordo,6012814,Centro Público,Educación Infantil y Primaria,Infantil / Primaria,38.88781,-6.90469,1,"Batalla de Torres Vedras, s/n",06009,Badajoz,Badajoz,924487855,0,cp.n28@edu.juntaex.es,https://https://cpn28.educarex.es/,Mañana,No,No
80,C.E.I.P. Enrique Segura Covarsí,6006981,Centro Público,Educación Infantil y Primaria,Infantil / Primaria,38.86422,-6.98693,1,"Arturo Barea, 6",06011,Badajoz,Badajoz,924013528,924013529,cp.enriqueseguracovarsi@edu.juntaex.es,https://cpeseguracovarsi.educarex.es,Mañana,No,No
81,C.E.I.P. San José de Calasanz,6000526,Centro Público,Educación Infantil y Primaria,Infantil / Primaria,38.86836,-6.96958,1,"Bambú, nº4",06010,Badajoz,Badajoz,924013456,924013457,cp.sjcalasanzba@edu.juntaex.es,https://cpsjcalasanzbad.educarex.es,Mañana,No,No
82,C.E.I.P. Puente Real,6007685,Centro Público,Educación Infantil y Primaria,Infantil / Primaria,38.88168,-6.99246,1,Ramón Fernández Moreno S / N,06006,Badajoz,Badajoz,924013710,924013711,cp.puentereal@edu.juntaex.es,https://cppuentereal.educarex.es,Mañana,No,No
83,C.E.I.P. Leopoldo Pastor Sito,6000988,Centro Público,Educación Infantil y Primaria,Infantil / Primaria,38.87122,-6.96367,1,"José María Giles Ontiveros, 6",06010,Badajoz,Badajoz,924001950,924001951,cp.leopoldopastorsito@edu.juntaex.es,https://cplpastorsito.educarex.es,Mañana,No,No
84,C.E.I.P. Ciudad de Badajoz,6011184,Centro Público,Educación Infantil y Primaria,Infantil / Primaria,38.85928,-6.98562,1,Cerezo nª 1,06011,Badajoz,Badajoz,924203933,924229468,cp.cdebadajoz@edu.juntaex.es,https://,Mañana,No,No
85,C.E.I.P. Santo Tomás de Aquino,6000551,Centro Público,Educación Infantil y Primaria,Infantil / Primaria,38.89044,-6.98204,1,"Figueira Da Foz, 3",06007,Badajoz,Badajoz,924001962,924001963,cp.santotomasdeaquino@edu.juntaex.es,https://cpstotomasaquino.educarex.es,Mañana,No,No
86,C.E.I.P. Manuel Pacheco,6006462,Centro Público,Educación Infantil y Primaria,Infantil / Primaria,38.87091,-6.95127,1,"Ángel Galván, 1",06009,Badajoz,Badajoz,924001955,924011957,cp.manuelpacheco@edu.juntaex.es,https://cpmanuelpacheco.educarex.es,Mañana,No,No
87,C.E.I.P. Vegas Bajas,6001221,Centro Público,Educación Infantil y Primaria,Infantil / Primaria,38.90654,-6.81547,1,"Ronda del Guadiana, S / N",06195,Balboa,Badajoz,924013586,924013587,cp.vegasbajas@edu.juntaex.es,https://cpvegasbajas.educarex.es,Mañana,No,No
88,C.E.I.P. Torre Águila,6003564,Centro Público,Educación Infantil y Primaria,Infantil / Primaria,38.87579,-6.58609,2,"Plza. De España, 10",06499,Barbaño,Badajoz,924001836,924001837,cp.torreaguila@edu.juntaex.es,https://cptorreaguila.educarex.es,Mañana,No,No
89,C.E.I.P. Hernando de Soto,6001439,Centro Público,Educación Infantil y Primaria,Infantil / Primaria,38.51952,-6.85081,1,"Ctra. De Badajoz, 9",06160,Barcarrota,Badajoz,924025722,924025723,cp.hernandodesoto@edu.juntaex.es,https://cphernandodesoto.educarex.es,Mañana,No,No
90,C.E.I.P. Jacobo Rodríguez Pereira,6001518,Centro Público,Educación Infantil y Primaria,Infantil / Primaria,38.28350,-5.83444,4,"Calera, 2",06930,Berlanga,Badajoz,924894487,924894488,cp.jacoborodriguezpereira@edu.juntaex.es,https://cpjrdguezpereira.educarex.es,Mañana,No,No
91,C.E.I.P. Virgen de los Milagros,6001521,Centro Público,Educación Infantil y Primaria,Infantil / Primaria,38.29554,-6.21052,4,"Orgullo, S / N",06250,Bienvenida,Badajoz,924023600,924023601,cp.virgendelosmilagros@edu.juntaex.es,https://cpvdelosmilagros.educarex.es,Mañana,No,No
92,C.E.I.P. Ntra. Sra. De las Flores,6001531,Centro Público,Educación Infantil y Primaria,Infantil / Primaria,38.14618,-6.56028,4,"El Cura, 9",06394,Bodonal de la Sierra,Badajoz,924022404,924022405,cp.ntrasradelasflores@edu.juntaex.es,https://cpnsdelasflores.educarex.es,Mañana,No,No
93,C.E.I.P. Ntra. Sra. De Guadalupe,6001543,Centro Público,Educación Infantil y Primaria,Infantil / Primaria,38.37856,-6.58840,4,"Avda. Del Pensionista, 10",06370,Burguillos del Cerro,Badajoz,924029996,924029997,cp.ntrasradeguadalupeburgui@edu.juntaex.es,https://cpnsguadalupebur.educarex.es,Mañana,No,No
94,C.E.I.P. Muñoz Torrero,6011688,Centro Público,Educación Infantil y Primaria,Infantil / Primaria,38.71855,-5.22542,3,Plaza de la Magdalena S/N,06600,Cabeza del Buey,Badajoz,924019714,924019715,cp.munoztorrero@edu.juntaex.es,https://cpmunoztorrero.educarex.es,Mañana,No,No
95,C.E.I.P. María Inmaculada,6001658,Centro Público,Educación Infantil y Primaria,Infantil / Primaria,38.08538,-6.42451,4,"Entrecaminos, S / N",06293,Cabeza la Vaca,Badajoz,924023612,924023613,cp.mariainmaculada@edu.juntaex.es,https://cpminmaculada.educarex.es,Mañana,No,No
96,C.E.I.P. San José,6001661,Centro Público,Educación Infantil y Primaria,Infantil / Primaria,38.88480,-6.38340,2,Cervantes s/n,06810,Calamonte,Badajoz,924009970,924009971,cp.sanjosecalamo@edu.juntaex.es,https://cpsanjosecala.educarex.es,Mañana,No,No
97,C.E.I.P. Ntra. Sra. De Tentudía,6001671,Centro Público,Educación Infantil y Primaria,Infantil / Primaria,38.10546,-6.33387,4,"Calle San Marcos, 26",06292,Calera de León,Badajoz,924023646,924023647,cp.ntrasradetentudia@edu.juntaex.e,https://cpnsdetentudia.educarex.es,Mañana,No,No
98,C.E.I.P. Ntra. Sra. De la Encarnación,6001683,Centro Público,Educación Infantil y Primaria,Infantil / Primaria,38.30321,-6.31245,4,"El Barrio, 79",06249,Calzadilla de los Barros,Badajoz,924023604,924023605,cp.ntrasradelaencarnacion@edu.juntaex.es,https://cpnsencarnacion.educarex.es,Mañana,No,No
99,C.E.I.P. Ntra. Sra. De Piedraescrita,6001695,Centro Público,Educación Infantil y Primaria,Infantil / Primaria,38.86313,-5.62286,3,"Félix Rodríguez de la Fuente, 33",06460,Campanario,Badajoz,924021866,924021867,cp.ntrasradepiedraescrita@edu.juntaex.es,https://cpspiedraescrita.educarex.es,Mañana,No,No
100,C.E.I.P. Eulalia Pajuelo,6001725,Centro Público,Educación Infantil y Primaria,Infantil / Primaria,38.50151,-5.82415,4,"Ctra. De Peraleda, S / N",06443,Campillo de Llerena,Badajoz,924020704,924020705,cp.eulaliapajuelo@edu.juntaex.es,https://cpeulaliapajuelo.educarex.es,Mañana,No,No
101,C.E.I.P. Ntra. Señora,6001749,Centro Público,Educación Infantil y Primaria,Infantil / Primaria,39.15428,-6.34176,2,"Avda. De la Estación, 14",06488,Carmonita,Badajoz,924004866,924004867,cp.ntrasenora@edu.juntaex.es,https://cpnuestrasenorac.educarex.es,Mañana,No,No
102,C.E.I.P. Virgen de los Remedios,6001762,Centro Público,Educación Infantil y Primaria,Infantil / Primaria,39.10094,-5.33030,3,"Vasco Núñez de Balboa, S / N",06770,Casas de Don Pedro,Badajoz,924864011,924864012,cp.virgendelosremedios@edu.juntaex.es,https://cpvdelosremedios.educarex.es,Mañana,No,No
103,C.E.I.P. Carlos V,6001798,Centro Público,Educación Infantil y Primaria,Infantil / Primaria,39.27964,-5.09103,3,"Avda. Carlos V, S / N",06680,Castilblanco,Badajoz,924019900,924019901,cp.carlosv@edu.juntaex.es,https://cpcarlosv.educarex.es,Mañana,No,No
104,C.E.I.P. Joaquín Tena Artigas,6001804,Centro Público,Educación Infantil y Primaria,Infantil / Primaria,38.72303,-5.54719,3,"Joaquín Tena Artigas, 11",06420,Castuera,Badajoz,924020508,924020509,cp.joaquintenaartigas@edu.juntaex.es,https://cpjtenaartigas.educarex.es,Mañana,No,No
105,C.E.I.P. Pedro de Valdivia,6001816,Centro Público,Educación Infantil y Primaria,Infantil / Primaria,38.72763,-5.54269,3,"Reyes Huertas, 17",06420,Castuera,Badajoz,924020512,924020513,cp.pedrodevaldivia@edu.juntaex.es,https://cppedrovaldivia.educarex.es,Mañana,No,No
106,C.E.I.P. Virgen de la Luz,6001944,Centro Público,Educación Infantil y Primaria,Infantil / Primaria,38.51591,-7.28404,1,"Joaquín Rodríguez Bootello, s/n",06105,Cheles,Badajoz,924016436,924016437,cp.virgendelaluz@edu.juntaex.es,https://cpvdelaluzcheles.educarex.es,Mañana,No,No
107,C.E.I.P. Ntra. Sra. De Chandavila,6001865,Centro Público,Educación Infantil y Primaria,Infantil / Primaria,39.22052,-7.17404,1,"Miguel de Cervantes, 1",06518,"Codosera, La",Badajoz,924015534,924015535,cp.ntrasradechandavila@edu.juntaex.es,https://cpnschandavila.educarex.es,Mañana,No,No
108,C.E.I.P. Zurbarán,6001907,Centro Público,Educación Infantil y Primaria,Infantil / Primaria,39.14527,-6.43643,2,"Avd. Las Bodegas, S / N",06487,Cordobilla de Lácara,Badajoz,924004862,924004863,cp.zurbarancordob@edu.juntaex.es,https://cpzurbarancordob.educarex.es,Mañana,No,No
109,C.E.I.P. Ntra. Sra. De la Piedad,6001919,Centro Público,Educación Infantil y Primaria,Infantil / Primaria,38.92184,-5.66554,3,"Ctra. De Orellana, S / N",06469,"Coronada, La",Badajoz,924021964,924021965,cp.ntrasradelapiedad@edu.juntaex.es,https://cpnsdlpiedadcor.educarex.es,Mañana,No,No
110,C.E.I.P. Pío XII,6001956,Centro Público,Educación Infantil y Primaria,Infantil / Primaria,38.84577,-6.27476,2,"Ctra. De la Estación, S / N",06820,Don Álvaro,Badajoz,924024562,924024563,cp.pioxii@edu.juntaex.es,https://cppioxiidonalv.educarex.es,Mañana,No,No
111,C.E.I.P. Francisco Valdés,6001993,Centro Público,Educación Infantil y Primaria,Infantil / Primaria,38.96065,-5.86216,3,"Avda. Constitución, 51",06400,Don Benito,Badajoz,924021804,924021805,cp.franciscovaldes@edu.juntaex.es,https://cpfcovaldes.educarex.es,Mañana,No,No
112,C.E.I.P. Ntra. Sra. Del Pilar,6001971,Centro Público,Educación Infantil y Primaria,Infantil / Primaria,38.95040,-5.85769,3,"Zalamea, 30",06400,Don Benito,Badajoz,924021840,924021841,cp.ntrasradelpilar@edu.juntaex.es,https://cpnsdelpilar.educarex.es,Mañana,No,No
113,C.E.I.P. Zurbarán,6001968,Centro Público,Educación Infantil y Primaria,Infantil / Primaria,38.96060,-5.85692,3,"Vapor, 46",06400,Don Benito,Badajoz,924021808,924021809,cp.zurbarandonben@edu.juntaex.es,https://cpzurbarandonben.educarex.es,Mañana,No,No
114,C.E.I.P. Donoso Cortés,6001981,Centro Público,Educación Infantil y Primaria,Infantil / Primaria,38.95980,-5.87102,3,"Juan Bautista Cámara, 1",06400,Don Benito,Badajoz,924021820,924021821,cp.donosocortesdonben@edu.juntaex.es,https://cpdonosocortesdb.educarex.es,Mañana,No,No
115,C.E.I.P. La Paz,6004854,Centro Público,Educación Infantil y Primaria,Infantil / Primaria,38.99500,-5.72306,3,"Villanueva, 15",06710,Entrerríos,Badajoz,924021748,924021748,cp.lapazentrer@edu.juntaex.es,https://cplapazentrer.educarex.es,Mañana,No,No
116,C.E.I.P. María Josefa Rubio,6002237,Centro Público,Educación Infantil y Primaria,Infantil / Primaria,38.94153,-6.43085,2,"Vía Emérita, 62",06860,Esparragalejo,Badajoz,924009997,924009998,cp.mariajosefarubio@edu.juntaex.es,https://cpmjosefarubio.educarex.es,Mañana,No,No
117,C.E.I.P. Virgen de la Cueva,6002274,Centro Público,Educación Infantil y Primaria,Infantil / Primaria,38.97673,-5.26771,3,"Cristo, S / N",06620,Esparragosa de Lares,Badajoz,924019936,924019937,cp.virgendelacueva@edu.juntaex.es,https://cpvdelacueva.educarex.es,Mañana,No,No
118,C.E.I.P. Virgen de la Consolación,6002286,Centro Público,Educación Infantil y Primaria,Infantil / Primaria,38.51159,-6.56388,4,"Palomar, 1",06390,Feria,Badajoz,924017632,924017633,cp.virgendelaconsolacion@edu.juntaex.es,https://cpvlaconsolacion.educarex.es,Mañana,No,No
119,C.E.I.P. San Francisco de Asís,6002316,Centro Público,Educación Infantil y Primaria,Infantil / Primaria,38.17344,-6.65797,4,"Bda. De Santa Ana, S / N",06340,Fregenal de la Sierra,Badajoz,924022436,924022437,cp.sanfranciscodeasis@edu.juntaex.es,https://cpsfcodeasis.educarex.es,Mañana,No,No
120,C.E.I.P. Arias Montano,6002304,Centro Público,Educación Infantil y Primaria,Infantil / Primaria,38.16947,-6.65027,4,"Plaza José María Martínez Morales, 5",06340,Fregenal de la Sierra,Badajoz,924022432,924022433,cp.ariasmontanofregen@edu.juntaex.es,https://cpariasmontanofr.educarex.es,Mañana,No,No
121,C.E.I.P. Santa Ana,6002365,Centro Público,Educación Infantil y Primaria,Infantil / Primaria,39.13231,-4.94014,3,"Santa Ana, S / N",06660,Fuenlabrada de los Montes,Badajoz,924019904,924019905,cp.santaana@edu.juntaex.es,https://cpsantaanafuen.educarex.es,Mañana,No,No
122,C.E.I.P. Francisco de Zurbarán,6002377,Centro Público,Educación Infantil y Primaria,Infantil / Primaria,38.24491,-6.30883,4,"San Julián, 12",06240,Fuente de Cantos,Badajoz,924023634,924023635,cp.franciscodezurbaran@edu.juntaex.es,https://cpfdezurbaran.educarex.es,Mañana,No,No
123,C.E.I.P. San José de Calasanz,6006486,Centro Público,Educación Infantil y Primaria,Infantil / Primaria,38.53137,-6.44602,4,"Sileras, S / N",06360,Fuente del Maestre,Badajoz,924028752,924028753,cp.sanjosedecalasanz@edu.juntaex.es,https://cpsjcalasanzfue.educarex.es,Mañana,No,No
124,C.E.I.P. Cruz Valero,6006474,Centro Público,Educación Infantil y Primaria,Infantil / Primaria,38.52121,-6.44863,4,"Ctra. De Zafra, S / N",06360,Fuente del Maestre,Badajoz,924028748,924028749,cp.cruzvalero@edu.juntaex.es,https://cpcruzvalero.educarex.es,Mañana,No,No
125,C.E.I.P. Miguel Garrayo,6002419,Centro Público,Educación Infantil y Primaria,Infantil / Primaria,38.52888,-6.45397,4,"Rascón, 4",06360,Fuente del Maestre,Badajoz,924028756,924028757,cp.miguelgarrayo@edu.juntaex.es,https://cpmiguelgarrayo.educarex.es,Mañana,No,No
126,C.E.I.P. Patriarca San José,6002420,Centro Público,Educación Infantil y Primaria,Infantil / Primaria,38.06884,-6.53870,4,"Avda. Escolar, S / N",06280,Fuentes de León,Badajoz,924022412,924022413,cp.patriarcasanjose@edu.juntaex.es,https://cppatriarcasjose.educarex.es,Mañana,No,No
127,C.E.I.P. Ntra. Sra. De la Soledad,6002158,Centro Público,Educación Infantil y Primaria,Infantil / Primaria,39.05331,-5.65354,3,"La Merced, 6",06711,Gargáligas,Badajoz,924021940,924021941,cp.ntrasradelasoledad@edu.juntaex.es,https://cpnssoledadgar.educarex.es,Mañana,No,No
128,C.E.I.P. Ntra. Sra. De la Caridad,6002456,Centro Público,Educación Infantil y Primaria,Infantil / Primaria,38.91983,-6.48172,2,"Zurbarán, S / N",06870,"Garrovilla, La",Badajoz,924009995,924009994,cp.ntrasradelacaridad@edu.juntaex.es,https://cpnscaridad.educarex.es,Mañana,No,No
129,C.E.I.P. De Gabriel,6001294,Centro Público,Educación Infantil y Primaria,Infantil / Primaria,38.91919,-6.94554,1,"Virgen de Guadalupe, 2",06180,Gevora,Badajoz,924013400,924013401,cp.gabriel@edu.juntaex.es,https://cpdegabriel.educarex.es,Mañana,No,No
130,C.E.I.P. Alcalde Paco de la Gala,6002468,Centro Público,Educación Infantil y Primaria,Infantil / Primaria,38.30784,-5.59474,4,"Avda. De Extremadura, 5",06910,Granja de Torrehermosa,Badajoz,924018704,924018705,cp.alcaldeacodelagala@edu.juntaex.es,https://cpalcaldepdegala.educarex.es,Mañana,No,No
131,C.E.I.P. San José,6002869,Centro Público,Educación Infantil y Primaria,Infantil / Primaria,38.85051,-6.68377,2,"Bellavista, S / N",06187,Guadajira,Badajoz,924013552,924013553,cp.sanjose@edu.juntaex.es,https://cpsanjoseguad.educarex.es,Mañana,No,No
132,C.E.I.P. San Isidro,6001300,Centro Público,Educación Infantil y Primaria,Infantil / Primaria,38.93119,-6.69281,1,"Constitución, S / N",06186,Guadiana,Badajoz,924013557,924013558,cp.sanisidroguadia@edu.juntaex.es,https://cpsanisidroguad.educarex.es,Mañana,No,No
133,C.E.I.P. San Gregorio,6002471,Centro Público,Educación Infantil y Primaria,Infantil / Primaria,38.86185,-6.09860,2,"El Royo, S / N",06470,Guareña,Badajoz,924024534,924024535,cp.sangregorio@edu.juntaex.es,https://cpsangregoriogua.educarex.es,Mañana,No,No
134,C.E.I.P. Virgen de la Antigua,6002535,Centro Público,Educación Infantil y Primaria,Infantil / Primaria,38.91422,-5.79871,3,Avenida La Serena 88,06714,"Haba, La",Badajoz,924021915,924021914,cp.virgendelaantigua@edu.juntaex.es,https://cpvdelantigua.educarex.es,Mañana,No,No
135,C.E.I.P. Ntra. Sra. De la Asunción,6005408,Centro Público,Educación Infantil y Primaria,Infantil / Primaria,38.67033,-5.37196,3,Conventillo S / N,06613,Helechal,Badajoz,924019750,924019751,cp.ntrasradelaasuncionhelech@edu.juntaex.es,https://cpnsasuncionhel.educarex.es,Mañana,No,No
136,C.E.I.P. Faustino Plaza Guijarro,6002560,Centro Público,Educación Infantil y Primaria,Infantil / Primaria,39.31031,-4.90811,3,"Plaza Cuatro Calles, 10",06692,Helechosa de los Montes,Badajoz,924019742,924019743,cp.faustinoplazaguijarro@edu.juntaex.es,https://cpfplazaguijarro.educarex.es,Mañana,No,No
137,C.E.I.P. 12 de Octubre,6002161,Centro Público,Educación Infantil y Primaria,Infantil / Primaria,39.02818,-5.93483,3,"Sonora, S / N",06412,Hernán Cortés,Badajoz,924021927,924021926,cp.12deoctubre@edu.juntaex.es,https://cpdocedeoctubre.educarex.es,Mañana,No,No
138,C.E.I.P. Fray Juan de Herrera,6002572,Centro Público,Educación Infantil y Primaria,Infantil / Primaria,39.17077,-5.05372,3,"Rollo Grande, S / N",06670,Herrera del Duque,Badajoz,924019734,924019735,cp.frayjuandeherrera@edu.juntaex.es,https://cpfrjuanherrera.educarex.es,Mañana,No,No
139,C.E.I.P. Inmaculada Concepción,6002626,Centro Público,Educación Infantil y Primaria,Infantil / Primaria,38.64530,-5.74548,3,Ejido S / N,06441,Higuera de la Serena,Badajoz,924020712,924020713,cp.inmaculadaconcepcion@edu.juntaex.es,https://cpinmaculadachig.educarex.es,Mañana,No,No
140,C.E.I.P. Ntra. Sra. Del Valle,6002638,Centro Público,Educación Infantil y Primaria,Infantil / Primaria,38.37756,-5.99820,4,"Extramuros, S / N",06445,Higuera de Llerena,Badajoz,924026528,924026529,cp.ntrasradelvalle@edu.juntaex.es,https://cpnsdelvalle.educarex.es,Mañana,No,No
141,C.E.I.P. Ntra. Sra. De Loreto,6002641,Centro Público,Educación Infantil y Primaria,Infantil / Primaria,38.44512,-6.97362,1,"Juan Rodríguez Cea, 8",06132,Higuera de Vargas,Badajoz,924016412,924016413,cp.ntrasradeloreto@edu.juntaex.es,https://cpnsdeloreto.educarex.es,Mañana,No,No
142,C.E.I.P. Ntra. Sra. De Guadalupe,6002651,Centro Público,Educación Infantil y Primaria,Infantil / Primaria,38.14428,-6.68763,4,"Paseo del Cristo, S / N",06350,Higuera la Real,Badajoz,924022408,924022409,cp.ntrasradeguadalupehiguer@edu.juntaex.es,https://cpnsguadalupehig.educarex.es,Mañana,No,No
143,C.E.I.P. Santo Cristo del Arco Toral,6002675,Centro Público,Educación Infantil y Primaria,Infantil / Primaria,38.48353,-6.18205,2,"Ctra. De Llera, S / N",06226,Hinojosa del Valle,Badajoz,924028764,924028766,cp.santocristodelarcotoral@edu.juntaex.es,https://cpsctoarcotoral.educarex.es,Mañana,No,No
144,C.E.I.P. Ntra. Sra. De los Remedios,6002687,Centro Público,Educación Infantil y Primaria,Infantil / Primaria,38.55141,-6.07107,2,Travesía Avenida de Extremadura s/n,06228,Hornachos,Badajoz,924028712,924028713,cp.ntrasradelosremedios@edu.juntaex.es,https://cpnsremedioshor.educarex.es,Mañana,No,No
145,C.E.I.P. Sotomayor y Terrazas,6002742,Centro Público,Educación Infantil y Primaria,Infantil / Primaria,38.32434,-6.77026,4,"Eritas, 11",06380,Jerez de los Caballeros,Badajoz,924025770,924025771,cp.sotomayoryterrazas@edu.juntaex.es,https://cpsotomayor.educarex.es,Mañana,No,No
146,C.E.I.P. El Rodeo,6011101,Centro Público,Educación Infantil y Primaria,Infantil / Primaria,38.31895,-6.77772,4,"Derecha, s/n",06380,Jerez de los Caballeros,Badajoz,924751073,924751073,ceip.elrodeo@edu.juntaex.es,https.//,Mañana,No,No
147,C.E.I.P. San José Obrero,6010854,Centro Público,Educación Infantil y Primaria,Infantil / Primaria,38.93393,-6.54987,2,"San Marcos, 4",06489,Lacara,Badajoz,924203300,924203301,cp.lacara@edu.juntaex.es,https://cpsjoseobrerolac.educarex.es,Mañana,No,No
148,C.E.I.P. Luis García Llera,6002882,Centro Público,Educación Infantil y Primaria,Infantil / Primaria,38.44540,-6.05627,2,"Virgen de Guadalupe, S / N",06227,Llera,Badajoz,924026516,924026517,cp.luisgarciallera@edu.juntaex.es,https://cplgarciadellera.educarex.es,Mañana,No,No
149,C.E.I.P. Suárez Somonte,6002894,Centro Público,Educación Infantil y Primaria,Infantil / Primaria,38.23725,-6.02007,4,"Paseo San Antón, 1",06900,Llerena,Badajoz,924026554,924026555,cp.suarezsomontelleren@edu.juntaex.es,https://cpssomontelle.educarex.es,Mañana,No,No
150,C.E.I.P. Ntra. Sra. Asunción,6002870,Centro Público,Educación Infantil y Primaria,Infantil / Primaria,38.85153,-6.61920,2,"Paseo del Pico, 8-14",06498,Lobón,Badajoz,924001808,924001809,cp.ntrasraasuncion@edu.juntaex.es,https://cpnsasuncion.educarex.es,Mañana,No,No
151,C.E.I.P. Carmen González Guerrero,6000022,Centro Público,Educación Infantil y Primaria,Infantil / Primaria,39.08469,-5.62708,3,"Escuelas, S / N",06713,Los Guadalperales,Badajoz,924021790,924021791,cp.carmengonzalezguerrero@edu.juntaex.es,https://cpcglezguerrero.educarex.es,Mañana,No,No
152,C.E.I.P. Ntra. Sra. De los Remedios,6002951,Centro Público,Educación Infantil y Primaria,Infantil / Primaria,38.89780,-5.73605,3,"Villanueva, 9",06468,Magacela,Badajoz,924021768,924021769,cp.ntrasradelosremediosmagace@edu.juntaex.es,https://cpnsremediosmag.educarex.es,Mañana,No,No
153,C.E.I.P. Inocencio Durán,6002961,Centro Público,Educación Infantil y Primaria,Infantil / Primaria,3836483,-5.83311,4,"Avda. Ramón y Cajal, S / N",06939,Maguilla,Badajoz,924018720,924018721,cp.inocencioduran@edu.juntaex.es,https://cpinocencioduran.educarex.es,Mañana,No,No
154,C.E.I.P. Miguel de Cervantes,6002973,Centro Público,Educación Infantil y Primaria,Infantil / Primaria,38.12088,-5.69208,4,"Travesía Real, 32",06928,Malcocinado,Badajoz,924018746,924018747,cp.migueldecervantes@edu.juntaex.es,https://cpmcervantesmal.educarex.es,Mañana,No,No
155,C.E.I.P. Ntra. Sra. De la Asunción,6007430,Centro Público,Educación Infantil y Primaria,Infantil / Primaria,38.67546,-5.64015,3,Avda. De Portugal S / N,06440,Malpartida de la Serena,Badajoz,924020525,924020524,cp.ntrasradelaasuncionmalpar@edu.juntaex.es,https://cpnsasuncionmal.educarex.es,Mañana,No,No
156,C.E.I.P. Hernán Cortés,6003001,Centro Público,Educación Infantil y Primaria,Infantil / Primaria,38.96250,-5.96050,3,"Ctra. De la Estación, 2",06411,Medellín,Badajoz,924021968,924021969,cp.hernancortes@edu.juntaex.es,https://cphernancortes.educarex.es,Mañana,No,No
157,C.E.I.P. Francisco Parada,6003047,Centro Público,Educación Infantil y Primaria,Infantil / Primaria,38.34500,-6.41318,4,"Avda.De Puebla de Sancho Pérez, S / N",06320,Medina de las Torres,Badajoz,924029586,924029587,cp.franciscoparadas@edu.juntaex.es,https://cpfcoparadas.educarex.es,Mañana,No,No
158,C.E.I.P. Santa Margarita,6003059,Centro Público,Educación Infantil y Primaria,Infantil / Primaria,38.93702,-5.93279,3,"Donoso Cortés, 4",06413,Mengabril,Badajoz,924021614,924021615,cp.santamargaritamengab@edu.juntaex.es,https://cpstmargaritamen.educarex.es,Mañana,No,No
159,C.E.I.P. Maximiliano Macías,6011691,Centro Público,Educación Infantil y Primaria,Infantil / Primaria,38.91118,-6.35762,2,"Antonio Rodríguez Moñino, S / N",06800,Mérida,Badajoz,924009911,924009910,ceip.maximilianomacias@edu.juntaex.es,https.//,Mañana,No,No
160,C.E.I.P. José María Calatrava,6006498,Centro Público,Educación Infantil y Primaria,Infantil / Primaria,38.90734,-6.35481,2,Bda. Bellavista S / N,06800,Mérida,Badajoz,924009920,924009921,cp.josemariacalatrava@edu.juntaex.es,https://cpjmcalatrava.educarex.es,Mañana,No,No
161,C.E.I.P. Suárez Somonte,6006103,Centro Público,Educación Infantil y Primaria,Infantil / Primaria,38.91440,-6.34336,2,"Suárez Somonte, S / N",06800,Mérida,Badajoz,924009928,924009929,cp.suarezsomonte@edu.juntaex.es,https://cpssomontemer.educarex.es,Mañana,No,No
162,C.E.P. AnI.tonio Machado,6003141,Centro Público,Educación Infantil y Primaria,Infantil / Primaria,38.92376,-6.33298,2,"Marqués de Paterna, S / N",06800,Mérida,Badajoz,924009872,924009873,cp.antoniomachado@edu.juntaex.es,https://cpamachadomer.educarex.es,Mañana,No,No
163,C.E.I.P. Miguel de Cervantes,6006760,Centro Público,Educación Infantil y Primaria,Infantil / Primaria,38.92557,-6.35188,2,"Medea, S / N",06800,Mérida,Badajoz,924009877,924009876,cp.migueldecervantesmerida@edu.juntaex.es,https://cpmcervantesmer.educarex.es,Mañana,No,No
164,C.E.I.P. Trajano,6003114,Centro Público,Educación Infantil y Primaria,Infantil / Primaria,38.91741,-6.34636,2,"Santa Julia, 2",06800,Mérida,Badajoz,924009868,924009869,cp.trajano@edu.juntaex.es,https://cptrajano.educarex.es,Mañana,No,No
165,C.E.I.P. Dion Casio,6005470,Centro Público,Educación Infantil y Primaria,Infantil / Primaria,38.91107,-6.35895,2,"Avda.Cristobal Colón, s/n",06800,Mérida,Badajoz,924009906,924009907,cp.dioncasio@edu.juntaex.es,https://cpdioncasio.educarex.es,Mañana,No,No
166,C.E.I.P. Ntra. Sra. De la Antigua,6003138,Centro Público,Educación Infantil y Primaria,Infantil / Primaria,38.92282,-6.32983,2,"Avda. Juan Carlos I, S / N",06800,Mérida,Badajoz,924009894,924009895,cp.ntrasradelaantiguamerida@edu.juntaex.es,https://cpnsantiguamer.educarex.es,Mañana,No,No
167,C.E.I.P. Federico García Lorca,6003102,Centro Público,Educación Infantil y Primaria,Infantil / Primaria,38.92112,-6.34908,2,"Calvario, 40",06800,Mérida,Badajoz,924009860,924009861,cp.federicogarcialorca@edu.juntaex.es,https://cpfgarcialorca.educarex.es,Mañana,No,No
168,C.E.I.P. Octavio Augusto,6003436,Centro Público,Educación Infantil y Primaria,Infantil / Primaria,38.90919,-6.33785,2,Camino del Peral S / N,06800,Mérida,Badajoz,924009890,924009891,cp.octavioaugusto@edu.juntaex.es,https://cpoctavioaugusto.educarex.es,Mañana,No,No
169,C.E.I.P. Ciudad de Mérida,6011135,Centro Público,Educación Infantil y Primaria,Infantil / Primaria,38.92938,-6.34899,2,"Avda. del Lago, 2",06800,Mérida,Badajoz,924488040,924304231,ceip.ciudaddemerida@edu.juntaex.es,https.//,Mañana,No,No
170,C.E.I.P. Francisco Giner de los Ríos,6003126,Centro Público,Educación Infantil y Primaria,Infantil / Primaria,38.91537,-6.33687,2,"Marco Agripa, 2",06800,Mérida,Badajoz,924009898,924009899,cp.franciscoginerdelosrios@edu.juntaex.es,https://cpginerdelosrios.educarex.es,Mañana,No,No
171,C.E.I.P. Pablo Neruda,6006401,Centro Público,Educación Infantil y Primaria,Infantil / Primaria,38.89661,-6.32989,2,"Pablo Neruda, S / N",06800,Mérida,Badajoz,924009954,924009955,cp.pabloneruda@edu.juntaex.es,https://cppabloneruda.educarex.es,Mañana,No,No
172,C.E.I.P. Santa María Magdalena,6003461,Centro Público,Educación Infantil y Primaria,Infantil / Primaria,39.00374,-6.28924,2,"Marqués de la Encomienda, 20",06891,Mirandilla,Badajoz,924009924,924009925,cp.santamariamagdalena@edu.juntaex.es,https://cpsmmagdalena.educarex.es,Mañana,No,No
173,C.E.I.P. El Llano,6003473,Centro Público,Educación Infantil y Primaria,Infantil / Primaria,38.08588,-6.27626,4,"Avda. Ramón y Cajal, 33",06260,Monesterio,Badajoz,924023638,924023639,cp.llano@edu.juntaex.es,https://cpelllano.educarex.es,Mañana,No,No
174,C.E.I.P. Ntra. Sra. De Consolación,6003552,Centro Público,Educación Infantil y Primaria,Infantil / Primaria,38.58906,-5.44071,3,"El Rodeo, S / N",06427,Monterrubio de la Serena,Badajoz,924019754,924019755,cp.ntrasradeconsolacion@edu.juntaex.es,https://cpnsconsolacion.educarex.es,Mañana,No,No
175,C.E.I.P. Padre Manjón,6003588,Centro Público,Educación Infantil y Primaria,Infantil / Primaria,38.90729,-6.62461,2,"Salmerón, 36",06480,Montijo,Badajoz,924450045,924450047,cp.padremanjon@edu.juntaex.es,https://cppadremanjon.educarex.es,Mañana,No,No
176,C.E.I.P. Príncipe de Asturias,6005494,Centro Público,Educación Infantil y Primaria,Infantil / Primaria,38.91293,-6.60878,2,"Puerta del Sol, 54",06480,Montijo,Badajoz,924450196,924450195,cp.principedeasturias@edu.juntaex.es,https://cpppeasturiasmon.educarex.es,Mañana,No,No
177,C.E.I.P. Virgen de Barbaño,6003643,Centro Público,Educación Infantil y Primaria,Infantil / Primaria,38.90640,-6.60901,2,"Virgen de Barbaño, S / N",06480,Montijo,Badajoz,924450299,924450302,cp.virgendebarbano@edu.juntaex.es,https://cpvdebarbano.educarex.es,Mañana,No,No
178,C.E.I.P. Pío XII,6003655,Centro Público,Educación Infantil y Primaria,Infantil / Primaria,38.54784,-6.65209,2,"Avda. Príncipe Felipe, 27",06176,"Morera, La",Badajoz,924017624,924017625,cp.pioxiimorera@edu.juntaex.es,https://cppioxiimorera.educarex.es,Mañana,No,No
179,C.E.I.P. San Antonio,6003667,Centro Público,Educación Infantil y Primaria,Infantil / Primaria,39.06236,-6.50773,1,"San Antonio, 10",06486,"Nava de Santiago, La",Badajoz,924004800,924004801,cp.sanantonio@edu.juntaex.es,https://cpsanantonio.educarex.es,Mañana,No,No
180,C.E.I.P. Piedra la Huerta,6006747,Centro Público,Educación Infantil y Primaria,Infantil / Primaria,38.67838,-5.39939,3,"Cerrillo, 2",06615,"Nava, La",Badajoz,924607079,924607080,cp.piedralahuerta@edu.juntaex.es,https://cppiedralahuerta.educarex.es,Mañana,No,No
181,C.E.I.P. Ntra. Sra. De Guadalupe,6003679,Centro Público,Educación Infantil y Primaria,Infantil / Primaria,39.09147,-5.46087,3,"Rubén Darío, 1",06760,Navalvillar de Pela,Badajoz,924021776,924021777,cp.ntrasradeguadalupenavalv@edu.juntaex.es,https://cpnsguadalupenav.educarex.es,Mañana,No,No
182,C.E.I.P. San Cristóbal,6003709,Centro Público,Educación Infantil y Primaria,Infantil / Primaria,38.58631,-6.74756,2,"Hernán Cortés, 15",06173,Nogales,Badajoz,924001981,924001980,cp.sancristobal@edu.juntaex.es,https://cpsancristobal.educarex.es,Mañana,No,No
183,C.E.I.P. Enrique Tierno Galván,6006309,Centro Público,Educación Infantil y Primaria,Infantil / Primaria,39.11692,-5.49553,3,"Plaza de Iglesia, 8",06730,Obando,Badajoz,924021798,924021799,cp.enriquetiernogalvan@edu.juntaex.es,https://cpetiernogalvan.educarex.es,Mañana,No,No
184,C.E.I.P. Maestro Pedro Vera,6003710,Centro Público,Educación Infantil y Primaria,Infantil / Primaria,38.27475,-6.91528,4,"Cerro del Viento, 2",06120,Oliva de la Frontera,Badajoz,924025742,924025744,cp.maestropedrovera@edu.juntaex.es,https://cpmpedrovera.educarex.es,Mañana,No,No
185,C.E.I.P. Sagrado Corazón de Jesús,6003734,Centro Público,Educación Infantil y Primaria,Infantil / Primaria,38.79095,-6.12304,2,"Montoro, S / N",06475,Oliva de Mérida,Badajoz,924024504,924024506,cp.sagradocorazondejesus@edu.juntaex.es,https://cpscorazonjesus.educarex.es,Mañana,No,No
186,C.E.I.P. Francisco Ortiz López,6003746,Centro Público,Educación Infantil y Primaria,Infantil / Primaria,38.68269,-7.10603,1,"Avda. José de Calasanz, S / N",06100,Olivenza,Badajoz,924013472,924013473,cp.franciscoortizlopez@edu.juntaex.es,https://cpfcoortizlopez.educarex.es,Mañana,No,No
187,C.E.I.P. Santo Domingo,6003898,Centro Público,Educación Infantil y Primaria,Infantil / Primaria,39.01213,-5.53463,3,"Ctra. Guadalupe, S / N",06740,Orellana la Vieja,Badajoz,924021756,924021757,cp.santodomingo@edu.juntaex.es,https://cpsantodomingo.educarex.es,Mañana,No,No
188,C.E.I.P. Ntra. Sra. Del Socorro,6003916,Centro Público,Educación Infantil y Primaria,Infantil / Primaria,38.69485,-6.13453,2,"Lavadero, S / N",06476,Palomas ,Badajoz,924024546,924024547,cp.ntrasradelsocorro@edu.juntaex.es,https://cpnsdelsocorro.educarex.es,Mañana,No,No
189,C.E.I.P. Ntra. Sra. De la Asunción,6003928,Centro Público,Educación Infantil y Primaria,Infantil / Primaria,38.52040,-6.61903,4,Blas Gómez S / N,06176,"Parra, La",Badajoz,924017644,924017645,cp.ntrasradelaasuncionparra@edu.juntaex.es,https://cpnsasuncionpar.educarex.es,Mañana,No,No
190,C.E.I.P. San Benito Abad,6003941,Centro Público,Educación Infantil y Primaria,Infantil / Primaria,38.51940,-5.58764,4,"Manuel Navarro, 1",06919,Peraleda del Zaucejo,Badajoz,924019908,924019909,cp.sanbenitoabad@edu.juntaex.es,https://cpsanantonioabad.educarex.es,Mañana,No,No
191,C.E.I.P. Antonio Hernández Gil,6003953,Centro Público,Educación Infantil y Primaria,Infantil / Primaria,38.98762,-5.25585,3,"Martín Cerezo, 18",06630,Puebla de Alcocer,Badajoz,924019940,924019941,cp.antoniohernandezgil@edu.juntaex.es,https://cpahernandezgil.educarex.es,Mañana,No,No
192,C.E.I.P. Calzada Romana,6003965,Centro Público,Educación Infantil y Primaria,Infantil / Primaria,38.89450,-6.62755,2,"Badajoz, 17",06490,Puebla de la Calzada,Badajoz,924001816,924001817,cp.calzadaromana@edu.juntaex.es,https://cpcalzadaromana.educarex.es,Mañana,No,No
193,C.E.I.P. Reyes Huertas,6004015,Centro Público,Educación Infantil y Primaria,Infantil / Primaria,38.66588,-6.10477,2,"Los Palacios, S / N",06477,Puebla de la Reina,Badajoz,924024530,924024531,cp.reyeshuertas@edu.juntaex.es,https://cpreyeshuertas.educarex.es,Mañana,No,No
194,C.E.I.P. Jiménez Andrade,6004052,Centro Público,Educación Infantil y Primaria,Infantil / Primaria,39.17385,-6.62786,1,"Badajoz, S / N",06191,Puebla de Obando,Badajoz,924015500,924015501,cp.jimenezandrade@edu.juntaex.es,https://cpjimenezandrade.educarex.es,Mañana,No,No
195,C.E.I.P. Santa Lucía,6004064,Centro Público,Educación Infantil y Primaria,Infantil / Primaria,38.39629,-6.40515,4,"La Fuente, 50",06310,Puebla de Sancho Pérez,Badajoz,924029590,924029591,cp.santalucia@edu.juntaex.es,https://cpsantalucia.educarex.es,Mañana,No,No
196,C.E.I.P. San Esteban,6004040,Centro Público,Educación Infantil y Primaria,Infantil / Primaria,38.57146,-6.19485,2,"Avda. De Extremadura, 4",06229,Puebla del Prior,Badajoz,924028700,924028701,cp.sanesteban@edu.juntaex.es,https://cpsanesteban.educarex.es,Mañana,No,No
197,C.E.I.P. Ntra. Sra. Del Rosario,6001324,Centro Público,Educación Infantil y Primaria,Infantil / Primaria,38.92412,-6.75442,1,"Ronda Poniente, 1",06184,Pueblonuevo del Guadiana,Badajoz,924013578,924013579,cp.ntrasradelrosariopueblo@edu.juntaex.es,https://cpnsrosariopue.educarex.es,Mañana,No,No
198,C.E.I.P. Virgen de Guadalupe,6004091,Centro Público,Educación Infantil y Primaria,Infantil / Primaria,38.74132,-5.66658,3,"Laguna, 2",06450,Quintana de la Serena,Badajoz,924020725,924020724,cp.vgquintana@edu.juntaex.es,https://cpvguadalupequi.educarex.es,Mañana,No,No
199,C.E.I.P. San Pedro Apóstol,6004143,Centro Público,Educación Infantil y Primaria,Infantil / Primaria,38.57793,-5.83696,3,"Avda. Guadalupe, 2",06442,Retamal,Badajoz,924020730,924020731,cp.sanpedroapostol@edu.juntaex.es,https://cpspedroapostol.educarex.es,Mañana,No,No
200,C.E.I.P. Meléndez Valdés,6004155,Centro Público,Educación Infantil y Primaria,Infantil / Primaria,38.55401,-6.23652,2,"Escuelas, S / N",06225,Ribera del Fresno,Badajoz,924028770,924028771,cp.melendezvaldes@edu.juntaex.es,https://cpmelendezvaldes.educarex.es,Mañana,No,No
201,C.E.I.P. Santa María del Prado,6004180,Centro Público,Educación Infantil y Primaria,Infantil / Primaria,39.10853,-6.69051,1,"Hernán Cortés, S / N",06190,"Roca de la Sierra, La",Badajoz,924015504,924015505,cp.santamariadelprado@edu.juntaex.es,https://cpstamdelprado.educarex.es,Mañana,No,No
202,C.E.I.P. Zurbarán,6002171,Centro Público,Educación Infantil y Primaria,Infantil / Primaria,39.04025,-5.87600,3,San Juan de Ribera s/n,06412,Ruecas,Badajoz,924021934,924021934,cp.zurbaran@edu.juntaex.es,https://cpzurbaranruecas.educarex.es,Mañana,No,No
203,C.E.I.P. Fernando Serrano Mangas,6004192,Centro Público,Educación Infantil y Primaria,Infantil / Primaria,38.51325,-6.78471,1,C/ Granada Nº 72,06174,Salvaleón,Badajoz,924025718,924025719,cp.fernandoserranomangas@edu.juntaex.es,https://ceipfernandoserrano.educarex.es,Mañana,No,No
204,C.E.I.P. Santísimo Cristo de las Misericordias,6004209,Centro Público,Educación Infantil y Primaria,Infantil / Primaria,38.49218,-6.68199,4,"San Blas, 35",06175,Salvatierra de los Barros,Badajoz,924017641,924017640,cp.scmisericordias@edu.juntaex.es,https://cpmisericordias.educarex.es,Mañana,No,No
205,C.E.I.P. San Pedro,6004234,Centro Público,Educación Infantil y Primaria,Infantil / Primaria,38.94818,-6.18820,2,"Ctra. Valverde, S / N",06893,San Pedro de Mérida,Badajoz,924009978,924009979,cp.sanpedro@edu.juntaex.es,https://cpsanpedro.educarex.es,Mañana,No,No
206,C.E.I.P. Pedro Vilallonga Cánovas,6005755,Centro Público,Educación Infantil y Primaria,Infantil / Primaria,39.36401,-7.13913,1,"Avda. De Badajoz, 57",06500,San Vicente de Alcántara,Badajoz,924015520,924015523,cp.pedrovilallongacanovas@edu.juntaex.es,https://cppvcanovas.educarex.es,Mañana,No,No
207,C.E.I.P. Amalia de Sajonia,6004246,Centro Público,Educación Infantil y Primaria,Infantil / Primaria,39.01200,-6.00656,3,"Juan Andújar, S / N",06410,Santa Amalia,Badajoz,924021972,924021973,cp.amaliadesajonia@edu.juntaex.es,https://cpamaliasajonia.educarex.es,Mañana,No,No
208,C.E.I.P. Ntra. Sra. De Gracia,6004258,Centro Público,Educación Infantil y Primaria,Infantil / Primaria,38.61248,-6.62532,2,"Avda. De Extremadura, 166",06150,Santa Marta,Badajoz,924017648,924017649,cp.ntrasradegracia@edu.juntaex.es,https://cpnsdegracia.educarex.es,Mañana,No,No
209,C.E.I.P. Jesús Romero Muñoz,6005548,Centro Público,Educación Infantil y Primaria,Infantil / Primaria,38.44443,-6.37745,4,"Avda.De la Constitución, 84",06230,"Santos de Maimona, Los",Badajoz,924029566,924029567,cp.jesusromeromunoz@edu.juntaex.es,https://cpjromeromunoz.educarex.es,Mañana,No,No
210,C.E.I.P. Mauricio Tinoco,6004261,Centro Público,Educación Infantil y Primaria,Infantil / Primaria,38.44798,-6.37690,4,"Mérida, 16",06230,"Santos de Maimona, Los",Badajoz,924029570,924029571,cp.mauriciotinoco@edu.juntaex.es,https://cpmauriciotinoco.educarex.es,Mañana,No,No
211,C.E.I.P. Alcalde Juan Blanco,6004271,Centro Público,Educación Infantil y Primaria,Infantil / Primaria,38.44952,-6.38271,4,"Ramos, 12",06230,"Santos de Maimona, Los",Badajoz,924029574,924029575,cp.alcaldejuanblanco@edu.juntaex.es,https://cpalcaldejblanco.educarex.es,Mañana,No,No
212,C.E.I.P. Ntra. Sra. De Guadalupe,6004313,Centro Público,Educación Infantil y Primaria,Infantil / Primaria,38.11983,-6.52336,4,"Ganaderos de Capeas, S/N",06270,Segura de León,Badajoz,924022416,924022417,cp.ntrasradeguadalupe@edu.juntaex.es,https://cpnsguadalupeseg.educarex.es,Mañana,No,No
213,C.E.I.P. Moreno Nieto,6004337,Centro Público,Educación Infantil y Primaria,Infantil / Primaria,38.98004,-5.05302,3,"Badajoz, 2",06650,Siruela ,Badajoz,924019918,924019920,cp.morenonieto@edu.juntaex.es,https://cpmorenonieto.educarex.es,Mañana,No,No
214,C.E.I.P. Gabriela Mistral,6004349,Centro Público,Educación Infantil y Primaria,Infantil / Primaria,38.72773,-6.53647,2,"Plaza Colegio Nuevo, S / N",06209,Solana de los Barros,Badajoz,924017704,924017706,cp.gabrielamistral@edu.juntaex.es,https://cpgmistral.educarex.es,Mañana,No,No
215,C.E.I.P. Fernández y Marín,6004350,Centro Público,Educación Infantil y Primaria,Infantil / Primaria,39.03643,-5.23680,3,C/ Ángel Utrero Calderón s/n,06640,Talarrubias,Badajoz,924019726,924019727,cp.fernandezymarin@edu.juntaex.es,https://cpfernandezmarin.educarex.es,Mañana,No,No
216,C.E.I.P. San José,6004398,Centro Público,Educación Infantil y Primaria,Infantil / Primaria,38.87446,-6.76776,1,"Avda. De la Concordia, S / N",06140,Talavera la Real,Badajoz,924013490,924013488,cp.sanjosetalave@edu.juntaex.es,https://cpsanjosetala.educarex.es,Mañana,No,No
217,C.E.I.P. Ntra. Sra. De los Santos,6004428,Centro Público,Educación Infantil y Primaria,Infantil / Primaria,38.52763,-7.01166,1,"Hernando de Soto, 4",06133,Táliga,Badajoz,924016440,924016441,cp.ntrasradelossantos@edu.juntaex.es,https://cpnsdelosantos.educarex.es,Mañana,No,No
218,C.E.I.P. Torres Naharro,6004453,Centro Público,Educación Infantil y Primaria,Infantil / Primaria,38.61748,-6.79954,1,Avda. De Portugal S / N,06172,Torre de Miguel Sesmero,Badajoz,924013460,924013461,cp.torresnaharro@edu.juntaex.es,https://cptorresnaharro.educarex.es,Mañana,No,No
219,C.E.I.P. Ntra. Sra. De Fátima,6005597,Centro Público,Educación Infantil y Primaria,Infantil / Primaria,38.98975,-6.11278,3,"Belén, 2",06410,Torrefresneda,Badajoz,924004828,924004829,"cp.ntrasradeatima@edu.juntaex.es",https://cpnsdefatimator.educarex.es,Mañana,No,No
220,C.E.I.P. San Juan,6004465,Centro Público,Educación Infantil y Primaria,Infantil / Primaria,38.89858,-6.54149,2,"Calzada Romana, S / N",06880,Torremayor ,Badajoz,924001812,924001813,cp.sanjuan@edu.juntaex.es,https://cpsanjuan.educarex.es,Mañana,No,No
221,C.E.I.P. Inmaculada Concepción,6004477,Centro Público,Educación Infantil y Primaria,Infantil / Primaria,38.78903,-6.37575,2,"El Castúo, 25",06210,Torremejía,Badajoz,924004833,924004834,cp.inmaculadaconcepciontorrem@edu.juntaex.es,https://cpinmaculadactor.educarex.es,Mañana,No,No
222,C.E.I.P. Santísima Trinidad,6004507,Centro Público,Educación Infantil y Primaria,Infantil / Primaria,38.95319,-6.25406,2,San Isidro S / N,06892,Trujillanos,Badajoz,924009990,924009991,cp.santisimatrinidad@edu.juntaex.es,https://cpstmatrinidad.educarex.es,Mañana,No,No
223,C.E.I.P. Antonio Chavero,6004519,Centro Público,Educación Infantil y Primaria,Infantil / Primaria,38.35580,-6.16966,4,"Avda. De la Estación, S / N",06290,Usagre,Badajoz,924023608,924023609,cp.antoniochavero@edu.juntaex.es,https://cpantoniochavero.educarex.es,Mañana,No,No
224,C.E.I.P. Gabriel López Tortosa,6001361,Centro Público,Educación Infantil y Primaria,Infantil / Primaria,38.96708,-6.92414,1,"Guadalupe, S / N",06194,Valdebotoa,Badajoz,924001988,924001989,cp.gabriellopeztortosa@edu.juntaex.es,https://cpgltortosa.educarex.es,Mañana,No,No
225,C.E.I.P. Manuel Ordóñez Maestro,6004520,Centro Público,Educación Infantil y Primaria,Infantil / Primaria,39.24604,-5.19233,3,"Avda Guadalupe, S / N",06689,Valdecaballeros,Badajoz,924019792,924019793,cp.manuel.ordonez.maestro@edu.juntaex.es,https://cpmanuelomaestro.educarex.es,Mañana,No,No
226,C.E.I.P. San Pedro y San Pablo,6002195,Centro Público,Educación Infantil y Primaria,Infantil / Primaria,39.05719,-5.97662,3,Jerte S / N,06410,Valdehornillos,Badajoz,924021930,924021931,cp.sanpedroysanpablo@edu.juntaex.es,https://cpspedroyspablo.educarex.es,Mañana,No,No
227,C.E.I.P. Adolfo Díaz Ambrona,6001397,Centro Público,Educación Infantil y Primaria,Infantil / Primaria,38.89004,-6.70374,1,"La Vara, S / N",06185,Valdelacalzada,Badajoz,924001826,924001828,cp.adolfodiazambrona@edu.juntaex.es,https://cpadiazambrona.educarex.es,Mañana,No,No
228,C.E.I.P. San Isidro,6004866,Centro Público,Educación Infantil y Primaria,Infantil / Primaria,39.03211,-5.71092,3,"Palanca, S / N",06720,Valdivia,Badajoz,924021909,924021910,cp.sanisidro@edu.juntaex.es,https://cpsanisidrovald.educarex.es,Mañana,No,No
229,C.E.I.P. Fernando Alvarado,6004544,Centro Público,Educación Infantil y Primaria,Infantil / Primaria,38.40677,-6.00258,4,"Avda. José Campillo, 3",06444,Valencia de las Torres,Badajoz,924026520,924026521,cp.fernandoalvarado@edu.juntaex.es,https://cpfalvarado.educarex.es,Mañana,No,No
230,C.E.I.P. Santa Margarita,6004556,Centro Público,Educación Infantil y Primaria,Infantil / Primaria,,,4,"Ctra. De Oliva de la Frontera, S / N",06134,Valencia del Mombuey,Badajoz,924016432,924016433,cp.santamargarita@edu.juntaex.es,https://cpstmargaritaval.educarex.es,Mañana,No,No
231,C.E.I.P. Ezequiel Fernández,6004568,Centro Público,Educación Infantil y Primaria,Infantil / Primaria,,,4,"Hernán Cortés, 34",06330,Valencia del Ventoso,Badajoz,924029932,924029933,cp.ezequielfernandez@edu.juntaex.es,https://cpezequielfdez.educarex.es,Mañana,No,No
232,C.E.I.P. Donoso Cortés,6004647,Centro Público,Educación Infantil y Primaria,Infantil / Primaria,,,3,"Traseras Donoso Cortés, S / N",06458,Valle de la Serena,Badajoz,924020734,924020735,cp.donosocortes@edu.juntaex.es,https://cpdonosocortesva.educarex.es,Mañana,No,No
233,C.E.I.P. Eloy Vela Corbacho,6004660,Centro Público,Educación Infantil y Primaria,Infantil / Primaria,,,4,"Avda. De la Libertad, S / N",06178,Valle de Santa Ana,Badajoz,924025738,924025739,"cp.eloyvelacorbacho@edu.juntaex.es",https://cpevelacorbacho.educarex.es,Mañana,No,No
234,C.E.I.P. César Hurtado Delicado,6004581,Centro Público,Educación Infantil y Primaria,Infantil / Primaria,,,1,"San Roque, S / N",06130,Valverde de Leganés,Badajoz,924013738,924013737,cp.cesarhurtadodelicado@edu.juntaex.es,https://cpchdelicado.educarex.es,Mañana,No,No
235,C.E.I.P. Nuestra Señora,6004611,Centro Público,Educación Infantil y Primaria,Infantil / Primaria,,,4,"Malcocinado, S / N",06927,Valverde de Llerena,Badajoz,924018742,924018743,cp.ntrasenoravalver@edu.juntaex.es,https://cpnuestrasenorav.educarex.es,Mañana,No,No
236,C.E.I.P. La Anunciación,6004623,Centro Público,Educación Infantil y Primaria,Infantil / Primaria,,,2,"Reyes Huertas, 4",06890,Valverde de Mérida,Badajoz,924009986,924009987,cp.laanunciacion@edu.juntaex.es,https://cplaanunciacion.educarex.es,Mañana,No,No
237,C.E.I.P. Juan XXIII,6003692,Centro Público,Educación Infantil y Primaria,Infantil / Primaria,,,3,"Jesús, S / N",06731,Vegas Altas,Badajoz,924021622,924021623,cp.juanxxiiivegasa@edu.juntaex.es,https://cpjuanxxiiiveg.educarex.es,Mañana,No,No
238,C.E.I.P. El Pilar,6010891,Centro Público,Educación Infantil y Primaria,Infantil / Primaria,,,2,"Felipe Checa, S / N",06220,Villafranca de los Barros,Badajoz,924028620,924028621,cp.elpilarvilla@edu.juntaex.es,https://cpelpilarvca.educarex.es,Mañana,No,No
239,C.E.I.P. José Rodríguez Cruz,6004763,Centro Público,Educación Infantil y Primaria,Infantil / Primaria,,,2,"San Ignacio, S / N",06220,Villafranca de los Barros,Badajoz,924028794,924028795,cp.joserodriguezcruz@edu.juntaex.es,https://cpjrodriguezcruz.educarex.es,Mañana,No,No
240,C.E.I.P. Santa María Coronada,6004684,Centro Público,Educación Infantil y Primaria,Infantil / Primaria,,,2,"Lepanto, 12",06220,Villafranca de los Barros,Badajoz,924028786,924028787,cp.santamariacoronada@edu.juntaex.es,https://cpsantamcoronada.educarex.es,Mañana,No,No
241,C.E.I.P. Antonio Jiménez Llerena,6001427,Centro Público,Educación Infantil y Primaria,Infantil / Primaria,,,1,"Ronda Poniente, S / N",06195,Villafranco del Guadiana,Badajoz,924013548,924013549,cp.antoniojimenezllerena@edu.juntaex.es,https://cpajmnezllerena.educarex.es,Mañana,No,No
242,C.E.I.P. Arturo Gazul,6004775,Centro Público,Educación Infantil y Primaria,Infantil / Primaria,,,4,Ejido Coriana S / N,06950,Villagarcía de la Torre,Badajoz,924026524,924026525,cp.arturogazul@edu.juntaex.es,https://cparturogazul.educarex.es,Mañana,No,No
243,C.E.I.P. Isabel Casablanca,6004799,Centro Público,Educación Infantil y Primaria,Infantil / Primaria,,,2,"Isabel Casablanca, S / N",06473,Villagonzalo,Badajoz,924024500,924024501,cp.isabelcasablanca@edu.juntaex.es,https://cpicasablanca.educarex.es,Mañana,No,No
244,C.E.I.P. Ntra. Sra. De Montevirgen,6004805,Centro Público,Educación Infantil y Primaria,Infantil / Primaria,,,2,"Avda. Príncipe Felipe, S / N",06208,Villalba de los Barros,Badajoz,924017700,924017701,cp.ntrasrademontevirgen@edu.juntaex.es,https://cpnsmontevirgen.educarex.es,Mañana,No,No
245,C.E.I.P. Virgen del Pilar,6004891,Centro Público,Educación Infantil y Primaria,Infantil / Primaria,,,3,"Antonio de Nebrija, 4",06700,Villanueva de la Serena,Badajoz,924021712,924021713,cp.virgendelpilarvillan@edu.juntaex.es,https://cpvdelpilarvilla.educarex.es,Mañana,No,No
246,C.E.I.P. Cruz del Río,6005861,Centro Público,Educación Infantil y Primaria,Infantil / Primaria,,,3,"Zújar, 33",06700,Villanueva de la Serena,Badajoz,924021894,924021895,cp.cruzdelrio@edu.juntaex.es,https://cpcruzdelrio.educarex.es,Mañana,No,No
247,C.E.I.P. Miguel de Cervantes,6005779,Centro Público,Educación Infantil y Primaria,Infantil / Primaria,,,3,"Gurugú, 2",06700,Villanueva de la Serena,Badajoz,924021700,924021701,cp.migueldecervantesvillan@edu.juntaex.es,https://cpmcervantesvil.educarex.es,Mañana,No,No
248,C.E.I.P. Santiago Apóstol,6004994,Centro Público,Educación Infantil y Primaria,Infantil / Primaria,,,3,"Recuerdo, 28",06700,Villanueva de la Serena,Badajoz,924021708,924021709,cp.santiagoapostol@edu.juntaex.es,https://cpsapostolvil.educarex.es,Mañana,No,No
249,C.E.I.P. Conquistadores,6004908,Centro Público,Educación Infantil y Primaria,Infantil / Primaria,,,3,"Monfragüe, S / N",06700,Villanueva de la Serena,Badajoz,924021960,924021961,cp.conquistadores@edu.juntaex.es,https://cpconquistadores.educarex.es,Mañana,No,No
250,C.E.I.P. Francisco Rodríguez Perera,6005007,Centro Público,Educación Infantil y Primaria,Infantil / Primaria,,,4,"El Parque, S / N",06110,Villanueva del Fresno,Badajoz,924016428,924016429,cp.franciscorodriguezperera@edu.juntaex.es,https://cpfrdguezperera.educarex.es,Mañana,No,No
251,C.E.I.P. María Auxiliadora,6005019,Centro Público,Educación Infantil y Primaria,Infantil / Primaria,,,1,"Avda. María Auxiliadora, 2",06192,Villar del Rey,Badajoz,924015508,924015509,cp.mariaauxiliadora@edu.juntaex.es,https://cpmauxiliadora.educarex.es,Mañana,No,No
252,C.E.I.P. Ntra. Sra. De la Antigua,6005056,Centro Público,Educación Infantil y Primaria,Infantil / Primaria,,,3,"Santo Calvario, S / N",06678,Villarta de los Montes,Badajoz,924019738,924019739,cp.ntrasradelaantigua@edu.juntaex.es,https://cpnsantiguavil.educarex.es,Mañana,No,No
253,C.E.I.P. Ntra. Sra. De Guadalupe,6002201,Centro Público,Educación Infantil y Primaria,Infantil / Primaria,,,3,"Escuelas, 1",06412,Vivares,Badajoz,924021918,924021919,cp.ntrasradeguadalupevivare@edu.juntaex.es,https://cpnsguadalupeviv.educarex.es,Mañana,No,No
254,C.E.I.P. Juan Pablo II,6005238,Centro Público,Educación Infantil y Primaria,Infantil / Primaria,,,3,"Tentudía, 3-5",06411,Yelbes,Badajoz,924021922,924868403,cp.juanpabloii@edu.juntaex.es,https://cpjuanpabloii.educarex.es,Mañana,No,No
255,C.E.I.P. Pedro de Valencia,6005081,Centro Público,Educación Infantil y Primaria,Infantil / Primaria,,,4,"Padre Manjón, 2",06300,Zafra,Badajoz,924029941,924029940,cp.pedrodevalencia@edu.juntaex.es,https://cppedrovalencia.educarex.es,Mañana,No,No
256,C.E.I.P. Germán Cid,6005071,Centro Público,Educación Infantil y Primaria,Infantil / Primaria,,,4,"Avda. De la Constitución, 11",06300,Zafra,Badajoz,924029912,924029914,cp.germancid@edu.juntaex.es,https://cpgermancid.educarex.es,Mañana,No,No
257,C.E.I.P. Juan XXIII,6005068,Centro Público,Educación Infantil y Primaria,Infantil / Primaria,,,4,"García Laso de la Vega, S / N",06300,Zafra,Badajoz,924029904,924029905,cp.juanxxiiizafra@edu.juntaex.es,https://cpjuanxxiiizafra.educarex.es,Mañana,No,No
258,C.E.I.P. Manuel Marín,6005901,Centro Público,Educación Infantil y Primaria,Infantil / Primaria,,,4,"Travesía Almendro, 3",06300,Zafra,Badajoz,924029980,924029981,cp.manuelmarin@edu.juntaex.es,https://cpmanuelmarin.educarex.es,Mañana,No,No
259,C.E.I.P. Luis Chamizo,6005159,Centro Público,Educación Infantil y Primaria,Infantil / Primaria,,,4,"Guillermo Sáenz, 76",06129,Zahínos ,Badajoz,924025747,924025746,cp.luischamizo@edu.juntaex.es,https://cpluischamizozah.educarex.es,Mañana,No,No
260,C.E.I.P. Calderón de la Barca,6005172,Centro Público,Educación Infantil y Primaria,Infantil / Primaria,,,3,"Trajano, S / N",06430,Zalamea de la Serena,Badajoz,924020754,924020755,cp.calderondelabarca@edu.juntaex.es,https://cpcdelabarca.educarex.es,Mañana,No,No
261,C.E.I.P. Ntra. Sra. De las Nieves,6005196,Centro Público,Educación Infantil y Primaria,Infantil / Primaria,,,2,"Clara Campoamor, 1",06830,"Zarza, La",Badajoz,924024558,924024559,cp.ntrasradelasnieveszarza@edu.juntaex.es,https://cpnsdlnieveszar.educarex.es,Mañana,No,No
262,C.E.I.P. Celedonio García,10000051,Centro Público,Educación Infantil y Primaria,Infantil / Primaria,,,,"Soldado Eudímio Martín, 59",10857,Acebo,Cáceres,927013840,927013841,cp.celedoniogarcia@edu.juntaex.es,https://cpceledoniogcia.educarex.es,Mañana,No,No
263,C.E.I.P. Santísimo Cristo de la Cañada,10000063,Centro Público,Educación Infantil y Primaria,Infantil / Primaria,,,,"Avda. Juan de Morales, 62",10879,Acehúche,Cáceres,927018500,927018501,cp.cristodelacanada@edu.juntaex.es,https://cpstmoctocanada.educarex.es,Mañana,No,No
264,C.E.I.P. Divino Maestro,10000087,Centro Público,Educación Infantil y Primaria,Infantil / Primaria,,,,"Sta. Marina, S / N",10650,Ahigal,Cáceres,927015846,927015847,cp.divinomaestro@edu.juntaex.es,https://cpdivinomaestro.educarex.es,Mañana,No,No
265,C.E.I.P. Miguel Primo de Rivera,10000117,Centro Público,Educación Infantil y Primaria,Infantil / Primaria,,,,"Alameda, 1",10980,Alcántara,Cáceres,927018516,927018517,cp.miguelprimoderivera@edu.juntaex.es,https://cpmprimoderivera.educarex.es,Mañana,No,No
266,C.E.I.P. Doctor Huertas,10000181,Centro Público,Educación Infantil y Primaria,Infantil / Primaria,,,,"Avda. De la Constitución, 37",10160,Alcuéscar,Cáceres,927023508,927023509,cp.doctorhuertas@edu.juntaex.es,https://cpdoctorhuertas.educarex.es,Mañana,No,No
267,C.E.I.P. San Martín,10000211,Centro Público,Educación Infantil y Primaria,Infantil / Primaria,,,,"Avda. De la Constitución, S / N",10163,Aldea del Cano,Cáceres,927023532,927023533,cp.sanmartinaldead@edu.juntaex.es,https://cpsmartinaldea.educarex.es,Mañana,No,No
268,C.E.I.P. Santísimo Cristo de la Salud,10000245,Centro Público,Educación Infantil y Primaria,Infantil / Primaria,,,,"Magisterio, 2",10440,Aldeanueva de la Vera,Cáceres,927016909,927016908,cp.santisimocristodelasaludaldean@edu.juntaex.es,https://cpsctosaludald.educarex.es,Mañana,No,No
269,C.E.I.P. Reyes de España,10000312,Centro Público,Educación Infantil y Primaria,Infantil / Primaria,,,,"Avda. Luis Chamizo, S / N",10137,Alía,Cáceres,927022504,927022505,cp.liciniodelafuente@edu.juntaex.es,https://cpldelafuenteal.educarex.es,Mañana,No,No
270,C.E.I.P. El Tesoro de Aliseda,10000373,Centro Público,Educación Infantil y Primaria,Infantil / Primaria,,,,,,,Cáceres,,,,,Mañana,No,No
271,C.E.I.P. San Andrés,10000385,Centro Público,Educación Infantil y Primaria,Infantil / Primaria,,,,,,,Cáceres,,,,,Mañana,No,No
272,C.E.I.P. Ntra. Sra. De Sopetrán,10000403,Centro Público,Educación Infantil y Primaria,Infantil / Primaria,,,,,,,Cáceres,,,,,Mañana,No,No
273,C.E.I.P. Ntra. Sra. De la Luz,10000439,Centro Público,Educación Infantil y Primaria,Infantil / Primaria,,,,,,,Cáceres,,,,,Mañana,No,No
274,C.E.I.P. Virgen de Guadalupe,10000464,Centro Público,Educación Infantil y Primaria,Infantil / Primaria,,,,,,,Cáceres,,,,,Mañana,No,No
275,C.E.I.P. San Ramón Nonato,10001572,Centro Público,Educación Infantil y Primaria,Infantil / Primaria,,,,,,,Cáceres,,,,,Mañana,No,No
276,C.E.I.P. San Miguel,10007008,Centro Público,Educación Infantil y Primaria,Infantil / Primaria,,,,,,,Cáceres,,,,,Mañana,No,No
277,C.E.I.P. San Bartolomé,10000580,Centro Público,Educación Infantil y Primaria,Infantil / Primaria,,,,,,,Cáceres,,,,,Mañana,No,No
278,C.E.I.P. El Brocense,10000610,Centro Público,Educación Infantil y Primaria,Infantil / Primaria,,,,,,,Cáceres,,,,,Mañana,No,No
279,C.E.I.P. Amando Barbosa,10000725,Centro Público,Educación Infantil y Primaria,Infantil / Primaria,,,,,,,Cáceres,,,,,Mañana,No,No
280,C.E.I.P. Extremadura,10000865,Centro Público,Educación Infantil y Primaria,Infantil / Primaria,,,,,,,Cáceres,,,,,Mañana,No,No
281,C.E.I.P. Ntra. Sra. De la Montaña,10000968,Centro Público,Educación Infantil y Primaria,Infantil / Primaria,,,,,,,Cáceres,,,,,Mañana,No,No
282,C.E.I.P. Cervantes,10006454,Centro Público,Educación Infantil y Primaria,Infantil / Primaria,,,,,,,Cáceres,,,,,Mañana,No,No
283,C.E.I.P. Francisco de Aldana,10007719,Centro Público,Educación Infantil y Primaria,Infantil / Primaria,,,,,,,Cáceres,,,,,Mañana,No,No
284,C.E.I.P. De Prácticas,10000971,Centro Público,Educación Infantil y Primaria,Infantil / Primaria,,,,,,,Cáceres,,,,,Mañana,No,No
285,C.E.I.P. Delicias,10000932,Centro Público,Educación Infantil y Primaria,Infantil / Primaria,,,,,,,Cáceres,,,,,Mañana,No,No
286,C.E.I.P. Francisco Pizarro,10007471,Centro Público,Educación Infantil y Primaria,Infantil / Primaria,,,,,,,Cáceres,,,,,Mañana,No,No
287,C.E.I.P. Ribera del Marco,10001134,Centro Público,Educación Infantil y Primaria,Infantil / Primaria,,,,,,,Cáceres,,,,,Mañana,No,No
288,C.E.I.P. Donoso Cortés,10000907,Centro Público,Educación Infantil y Primaria,Infantil / Primaria,,,,,,,Cáceres,,,,,Mañana,No,No
289,C.E.I.P. Gabriel y Galán,10000890,Centro Público,Educación Infantil y Primaria,Infantil / Primaria,,,,,,,Cáceres,,,,,Mañana,No,No
290,C.E.I.P. Alba Plata,10000919,Centro Público,Educación Infantil y Primaria,Infantil / Primaria,,,,,,,Cáceres,,,,,Mañana,No,No
291,C.E.I.P. El Vivero,10008293,Centro Público,Educación Infantil y Primaria,Infantil / Primaria,,,,,,,Cáceres,,,,,Mañana,No,No
292,C.E.I.P. Dulce Chacón,10012089,Centro Público,Educación Infantil y Primaria,Infantil / Primaria,,,,,,,Cáceres,,,,,Mañana,No,No
293,C.E.I.P. Moctezuma,10007379,Centro Público,Educación Infantil y Primaria,Infantil / Primaria,,,,,,,Cáceres,,,,,Mañana,No,No
294,C.E.I.P. Castra Caecilia,10012223,Centro Público,Educación Infantil y Primaria,Infantil / Primaria,,,,,,,Cáceres,,,,,Mañana,No,No
295,C.E.I.P. Santísimo Cristo de la Agonía,10001298,Centro Público,Educación Infantil y Primaria,Infantil / Primaria,,,,,,,Cáceres,,,,,Mañana,No,No
296,C.E.I.P. Los Ángeles,10006570,Centro Público,Educación Infantil y Primaria,Infantil / Primaria,,,,,,,Cáceres,,,,,Mañana,No,No
297,C.E.I.P. Fausto Maldonado,10001456,Centro Público,Educación Infantil y Primaria,Infantil / Primaria,,,,,,,Cáceres,,,,,Mañana,No,No
298,C.E.I.P. Santa Marina,10001468,Centro Público,Educación Infantil y Primaria,Infantil / Primaria,,,,,,,Cáceres,,,,,Mañana,No,No
299,C.E.I.P. Ntra. Sra. De Fátima,10001511,Centro Público,Educación Infantil y Primaria,Infantil / Primaria,,,,,,,Cáceres,,,,,Mañana,No,No
300,C.E.I.P. León Leal Ramos,10001560,Centro Público,Educación Infantil y Primaria,Infantil / Primaria,,,,,,,Cáceres,,,,,Mañana,No,No
301,C.E.I.P. Joaquín Úbeda,10001596,Centro Público,Educación Infantil y Primaria,Infantil / Primaria,,,,,,,Cáceres,,,,,Mañana,No,No
302,C.E.I.P. Virgen de Fátima,10001705,Centro Público,Educación Infantil y Primaria,Infantil / Primaria,,,,,,,Cáceres,,,,,Mañana,No,No
303,C.E.I.P. San Sebastián,10001754,Centro Público,Educación Infantil y Primaria,Infantil / Primaria,,,,,,,Cáceres,,,,,Mañana,No,No
304,C.E.I.P. José Pavón,10001811,Centro Público,Educación Infantil y Primaria,Infantil / Primaria,,,,,,,Cáceres,,,,,Mañana,No,No
305,C.E.I.P. Ntra. Sra. De la Asunción,10001821,Centro Público,Educación Infantil y Primaria,Infantil / Primaria,,,,,,,Cáceres,,,,,Mañana,No,No
306,C.E.I.P. Rodrigo Dávila Martín,10001833,Centro Público,Educación Infantil y Primaria,Infantil / Primaria,,,,,,,Cáceres,,,,,Mañana,No,No
307,C.E.I.P. Virgen del Encinar,10001845,Centro Público,Educación Infantil y Primaria,Infantil / Primaria,,,,,,,Cáceres,,,,,Mañana,No,No
308,C.E.I.P. Leandro Alejano,10001900,Centro Público,Educación Infantil y Primaria,Infantil / Primaria,,,,,,,Cáceres,,,,,Mañana,No,No
309,C.E.I.P. Maestro Don Camilo Hernández,10002059,Centro Público,Educación Infantil y Primaria,Infantil / Primaria,,,,,,,Cáceres,,,,,Mañana,No,No
310,C.E.I.P. Virgen de Argeme,10002060,Centro Público,Educación Infantil y Primaria,Infantil / Primaria,,,,,,,Cáceres,,,,,Mañana,No,No
311,C.E.I.P. Zurbarán,10007331,Centro Público,Educación Infantil y Primaria,Infantil / Primaria,,,,,,,Cáceres,,,,,Mañana,No,No
312,C.E.I.P. Jeromín,10002141,Centro Público,Educación Infantil y Primaria,Infantil / Primaria,,,,,,,Cáceres,,,,,Mañana,No,No
313,C.E.I.P. Nueva Extremadura,10002564,Centro Público,Educación Infantil y Primaria,Infantil / Primaria,,,,,,,Cáceres,,,,,Mañana,No,No
314,C.E.I.P. Divina Pastora,10002205,Centro Público,Educación Infantil y Primaria,Infantil / Primaria,,,,,,,Cáceres,,,,,Mañana,No,No
315,C.E.I.P. Ntra. Sra. De la Candelaria,10002230,Centro Público,Educación Infantil y Primaria,Infantil / Primaria,,,,,,,Cáceres,,,,,Mañana,No,No
316,C.E.I.P. Ntra. Sra. De Fátima,10002278,Centro Público,Educación Infantil y Primaria,Infantil / Primaria,,,,,,,Cáceres,,,,,Mañana,No,No
317,C.E.I.P. San Martín,10002369,Centro Público,Educación Infantil y Primaria,Infantil / Primaria,,,,,,,Cáceres,,,,,Mañana,No,No
318,C.E.I.P. Ntra. Sra. De Altagracia,10002424,Centro Público,Educación Infantil y Primaria,Infantil / Primaria,,,,,,,Cáceres,,,,,Mañana,No,No
319,C.E.I.P. Eugenio Jiménez Igual,10002485,Centro Público,Educación Infantil y Primaria,Infantil / Primaria,,,,,,,Cáceres,,,,,Mañana,No,No
320,C.E.I.P. Reyes Católicos,10002515,Centro Público,Educación Infantil y Primaria,Infantil / Primaria,,,,,,,Cáceres,,,,,Mañana,No,No
321,C.E.I.P. Santa Bárbara,10002631,Centro Público,Educación Infantil y Primaria,Infantil / Primaria,,,,,,,Cáceres,,,,,Mañana,No,No
322,C.E.I.P. Santísimo Cristo de la Salud,10002795,Centro Público,Educación Infantil y Primaria,Infantil / Primaria,,,,,,,Cáceres,,,,,Mañana,No,No
323,C.E.I.P. Obispo Álvarez de Castro,10002837,Centro Público,Educación Infantil y Primaria,Infantil / Primaria,,,,,,,Cáceres,,,,,Mañana,No,No
324,C.E.I.P. San Pedro Ad-Vincula,10002849,Centro Público,Educación Infantil y Primaria,Infantil / Primaria,,,,,,,Cáceres,,,,,Mañana,No,No
325,C.E.I.P. Ejido,10007033,Centro Público,Educación Infantil y Primaria,Infantil / Primaria,,,,,,,Cáceres,,,,,Mañana,No,No
326,C.E.I.P. Gregoria Collado,10002931,Centro Público,Educación Infantil y Primaria,Infantil / Primaria,,,,,,,Cáceres,,,,,Mañana,No,No
327,C.E.I.P. Conquistador Loaysa,10003003,Centro Público,Educación Infantil y Primaria,Infantil / Primaria,,,,,,,Cáceres,,,,,Mañana,No,No
328,"C.E.I.P. Ramón Cepeda",10003064,Centro Público,Educación Infantil y Primaria,Infantil / Primaria,,,,,,,Cáceres,,,,,Mañana,No,No
329,C.E.I.P. San Francisco Javier,10004263,Centro Público,Educación Infantil y Primaria,Infantil / Primaria,,,,,,,Cáceres,,,,,Mañana,No,No
330,C.E.I.P. Ntra. Sra. Del Consuelo,10003143,Centro Público,Educación Infantil y Primaria,Infantil / Primaria,,,,,,,Cáceres,,,,,Mañana,No,No
331,C.E.I.P. Francisco Parra,10003180,Centro Público,Educación Infantil y Primaria,Infantil / Primaria,,,,,,,Cáceres,,,,,Mañana,No,No
332,C.E.I.P. Santa Florentina,10003192,Centro Público,Educación Infantil y Primaria,Infantil / Primaria,,,,,,,Cáceres,,,,,Mañana,No,No
333,C.E.I.P. Fernando el Católico,10003209,Centro Público,Educación Infantil y Primaria,Infantil / Primaria,,,,,,,Cáceres,,,,,Mañana,No,No
334,C.E.I.P. Sierra de Madroños,10012341,Centro Público,Educación Infantil y Primaria,Infantil / Primaria,,,,,,,Cáceres,,,,,Mañana,No,No
335,C.E.I.P. El Vetón,10003261,Centro Público,Educación Infantil y Primaria,Infantil / Primaria,,,,,,,Cáceres,,,,,Mañana,No,No
336,C.E.I.P. Los Arcos,10003283,Centro Público,Educación Infantil y Primaria,Infantil / Primaria,,,,,,,Cáceres,,,,,Mañana,No,No
337,C.E.I.P. Las Eras,10012314,Centro Público,Educación Infantil y Primaria,Infantil / Primaria,,,,,,,Cáceres,,,,,Mañana,No,No
338,C.E.I.P. Fray Alonso Fernández,10003313,Centro Público,Educación Infantil y Primaria,Infantil / Primaria,,,,,,,Cáceres,,,,,Mañana,No,No
339,C.E.I.P. Santiago Apóstol,10006582,Centro Público,Educación Infantil y Primaria,Infantil / Primaria,,,,,,,Cáceres,,,,,Mañana,No,No
340,C.E.I.P. San Lorenzo,10003386,Centro Público,Educación Infantil y Primaria,Infantil / Primaria,,,,,,,Cáceres,,,,,Mañana,No,No
341,C.E.I.P. García Siñeriz,10003507,Centro Público,Educación Infantil y Primaria,Infantil / Primaria,,,,,,,Cáceres,,,,,Mañana,No,No
342,C.E.I.P. Ntra. Sra. De Guadalupe,10007239,Centro Público,Educación Infantil y Primaria,Infantil / Primaria,,,,,,,Cáceres,,,,,Mañana,No,No
343,C.E.I.P. Virgen de la Jarrera,10003544,Centro Público,Educación Infantil y Primaria,Infantil / Primaria,,,,,,,Cáceres,,,,,Mañana,No,No
344,C.E.I.P. Los Conquistadores,10002451,Centro Público,Educación Infantil y Primaria,Infantil / Primaria,,,,,,,Cáceres,,,,,Mañana,No,No
345,C.E.I.P. Virgen del Carmen,10003556,Centro Público,Educación Infantil y Primaria,Infantil / Primaria,,,,,,,Cáceres,,,,,Mañana,No,No
346,C.E.I.P. Sebastián Martín,10003660,Centro Público,Educación Infantil y Primaria,Infantil / Primaria,,,,,,,Cáceres,,,,,Mañana,No,No
347,C.E.I.P. San Antonio de Padua,10006478,Centro Público,Educación Infantil y Primaria,Infantil / Primaria,,,,,,,Cáceres,,,,,Mañana,No,No
348,C.E.I.P. Manuel Mareque,10003830,Centro Público,Educación Infantil y Primaria,Infantil / Primaria,,,,,,,Cáceres,,,,,Mañana,No,No
349,C.E.I.P. Campo Arañuelo,10003878,Centro Público,Educación Infantil y Primaria,Infantil / Primaria,,,,,,,Cáceres,,,,,Mañana,No,No
350,C.E.I.P. El Pozón,10003891,Centro Público,Educación Infantil y Primaria,Infantil / Primaria,,,,,,,Cáceres,,,,,Mañana,No,No
351,C.E.I.P. Sierra de Gredos,10006481,Centro Público,Educación Infantil y Primaria,Infantil / Primaria,,,,,,,Cáceres,,,,,Mañana,No,No
352,C.E.I.P. Almanzor,10007689,Centro Público,Educación Infantil y Primaria,Infantil / Primaria,,,,,,,Cáceres,,,,,Mañana,No,No
353,C.E.I.P. Virgen de Guadalupe,10003970,Centro Público,Educación Infantil y Primaria,Infantil / Primaria,,,,,,,Cáceres,,,,,Mañana,No,No
354,"C.E.I.P. Ntra. Sra. De la O",10003982,Centro Público,Educación Infantil y Primaria,Infantil / Primaria,,,,,,,Cáceres,,,,,Mañana,No,No
355,C.E.I.P. San Pedro de Alcántara,10004172,Centro Público,Educación Infantil y Primaria,Infantil / Primaria,,,,,,,Cáceres,,,,,Mañana,No,No
356,C.E.I.P. Lucio García,10004214,Centro Público,Educación Infantil y Primaria,Infantil / Primaria,,,,,,,Cáceres,,,,,Mañana,No,No
357,C.E.I.P. Virgen de la Peña,10004238,Centro Público,Educación Infantil y Primaria,Infantil / Primaria,,,,,,,Cáceres,,,,,Mañana,No,No
358,C.E.I.P. Luis Chamizo,10007021,Centro Público,Educación Infantil y Primaria,Infantil / Primaria,,,,,,,Cáceres,,,,,Mañana,No,No
359,"C.E.I.P. Máximo Cruz Rebosa",10004457,Centro Público,Educación Infantil y Primaria,Infantil / Primaria,,,,,,,Cáceres,,,,,Mañana,No,No
360,C.E.I.P. La Paz,10007321,Centro Público,Educación Infantil y Primaria,Infantil / Primaria,,,,,,,Cáceres,,,,,Mañana,No,No
361,C.E.I.P. Miralvalle,10004597,Centro Público,Educación Infantil y Primaria,Infantil / Primaria,,,,,,,Cáceres,,,,,Mañana,No,No
362,C.E.I.P. Alfonso VIII,10004615,Centro Público,Educación Infantil y Primaria,Infantil / Primaria,,,,,,,Cáceres,,,,,Mañana,No,No
363,C.E.I.P. San Miguel Arcángel,10004640,Centro Público,Educación Infantil y Primaria,Infantil / Primaria,,,,,,,Cáceres,,,,,Mañana,No,No
364,C.E.I.P. El Pilar,10008748,Centro Público,Educación Infantil y Primaria,Infantil / Primaria,,,,,,,Cáceres,,,,,Mañana,No,No
365,C.E.I.P. Santiago Ramón y Cajal,10004627,Centro Público,Educación Infantil y Primaria,Infantil / Primaria,,,,,,,Cáceres,,,,,Mañana,No,No
366,C.E.I.P. Inés Suárez,10004639,Centro Público,Educación Infantil y Primaria,Infantil / Primaria,,,,,,,Cáceres,,,,,Mañana,No,No
367,C.E.I.P. Virgen del Casar,10004792,Centro Público,Educación Infantil y Primaria,Infantil / Primaria,,,,,,,Cáceres,,,,,Mañana,No,No
368,C.E.I.P. Santos Mártires,10004809,Centro Público,Educación Infantil y Primaria,Infantil / Primaria,,,,,,,Cáceres,,,,,Mañana,No,No
369,C.E.I.P. La Acequia,10002126,Centro Público,Educación Infantil y Primaria,Infantil / Primaria,,,,,,,Cáceres,,,,,Mañana,No,No
370,C.E.I.P. San Pedro de Alcántara,10005334,Centro Público,Educación Infantil y Primaria,Infantil / Primaria,,,,,,,Cáceres,,,,,Mañana,No,No
371,C.E.I.P. San José Obrero,10002138,Centro Público,Educación Infantil y Primaria,Infantil / Primaria,,,,,,,Cáceres,,,,,Mañana,No,No
372,C.E.I.P. San José de Calasanz,10004901,Centro Público,Educación Infantil y Primaria,Infantil / Primaria,,,,,,,Cáceres,,,,,Mañana,No,No
373,C.E.I.P. San Isidro Labrador,10005346,Centro Público,Educación Infantil y Primaria,Infantil / Primaria,,,,,,,Cáceres,,,,,Mañana,No,No
374,C.E.I.P. Santa Rosa de Lima,10005024,Centro Público,Educación Infantil y Primaria,Infantil / Primaria,,,,,,,Cáceres,,,,,Mañana,No,No
375,C.E.I.P. Virgen del Pilar,10007011,Centro Público,Educación Infantil y Primaria,Infantil / Primaria,,,,,,,Cáceres,,,,,Mañana,No,No
376,C.E.I.P. Cristo de la Victoria,10005206,Centro Público,Educación Infantil y Primaria,Infantil / Primaria,,,,,,,Cáceres,,,,,Mañana,No,No
377,C.E.I.P. Santísimo Cristo del Risco,10005221,Centro Público,Educación Infantil y Primaria,Infantil / Primaria,,,,,,,Cáceres,,,,,Mañana,No,No
378,C.E.I.P. Paloma Esteban Villamarín,10005243,Centro Público,Educación Infantil y Primaria,Infantil / Primaria,,,,,,,Cáceres,,,,,Mañana,No,No
379,C.E.I.P. Juan Güell,10012326,Centro Público,Educación Infantil y Primaria,Infantil / Primaria,,,,,,,Cáceres,,,,,Mañana,No,No
380,C.E.I.P. Gonzalo Encabo,10005371,Centro Público,Educación Infantil y Primaria,Infantil / Primaria,,,,,,,Cáceres,,,,,Mañana,No,No
381,C.E.I.P. San José Obrero,10005383,Centro Público,Educación Infantil y Primaria,Infantil / Primaria,,,,,,,Cáceres,,,,,Mañana,No,No
382,C.E.I.P. Santísimo Cristo del Perdón,10005474,Centro Público,Educación Infantil y Primaria,Infantil / Primaria,,,,,,,Cáceres,,,,,Mañana,No,No
383,C.E.I.P. María Lluch,10005504,Centro Público,Educación Infantil y Primaria,Infantil / Primaria,,,,,,,Cáceres,,,,,Mañana,No,No
384,C.E.I.P. Virgen de Monfragüe,10005565,Centro Público,Educación Infantil y Primaria,Infantil / Primaria,,,,,,,Cáceres,,,,,Mañana,No,No
385,C.E.I.P. Batalla de Pavía,10005531,Centro Público,Educación Infantil y Primaria,Infantil / Primaria,,,,,,,Cáceres,,,,,Mañana,No,No
386,C.E.I.P. Virgen de la Soledad,10005607,Centro Público,Educación Infantil y Primaria,Infantil / Primaria,,,,,,,Cáceres,,,,,Mañana,No,No
387,C.E.I.P. Las Américas,10007094,Centro Público,Educación Infantil y Primaria,Infantil / Primaria,,,,,,,Cáceres,,,,,Mañana,No,No
388,C.E.I.P. Ntra. Sra. De las Nieves,10006651,Centro Público,Educación Infantil y Primaria,Infantil / Primaria,,,,,,,Cáceres,,,,,Mañana,No,No
389,C.E.I.P. La Maya,10005917,Centro Público,Educación Infantil y Primaria,Infantil / Primaria,,,,,,,Cáceres,,,,,Mañana,No,No
390,C.E.I.P. Ntra. Sra. Del Salor,10001262,Centro Público,Educación Infantil y Primaria,Infantil / Primaria,,,,,,,Cáceres,,,,,Mañana,No,No
391,C.E.I.P. General Navarro y Alonso de Celada,10006065,Centro Público,Educación Infantil y Primaria,Infantil / Primaria,,,,,,,Cáceres,,,,,Mañana,No,No
392,C.E.I.P. San Francisco Javier,10002588,Centro Público,Educación Infantil y Primaria,Infantil / Primaria,,,,,,,Cáceres,,,,,Mañana,No,No
393,C.E.I.P. Virgen de Fuentes Claras,10006090,Centro Público,Educación Infantil y Primaria,Infantil / Primaria,,,,,,,Cáceres,,,,,Mañana,No,No
394,C.E.I.P. Ntra. Sra. De la Asunción,10006107,Centro Público,Educación Infantil y Primaria,Infantil / Primaria,,,,,,,Cáceres,,,,,Mañana,No,No
395,C.E.I.P. Francisco Segur Panadero,10006788,Centro Público,Educación Infantil y Primaria,Infantil / Primaria,,,,,,,Cáceres,,,,,Mañana,No,No
396,C.E.I.P. María de los Ángeles Ballesteros,10003751,Centro Público,Educación Infantil y Primaria,Infantil / Primaria,,,,,,,Cáceres,,,,,Mañana,No,No
397,C.E.I.P. Ntra. Sra. De la Piedad,10006201,Centro Público,Educación Infantil y Primaria,Infantil / Primaria,,,,,,,Cáceres,,,,,Mañana,No,No
398,C.E.I.P. Santa Ana,10006247,Centro Público,Educación Infantil y Primaria,Infantil / Primaria,,,,,,,Cáceres,,,,,Mañana,No,No
399,C.E.I.P. Ntra. Sra. De Sequeros,10006387,Centro Público,Educación Infantil y Primaria,Infantil / Primaria,,,,,,,Cáceres,,,,,Mañana,No,No
400,C.E.I.P. Ntra. Sra. De Fuentesanta,10006399,Centro Público,Educación Infantil y Primaria,Infantil / Primaria,,,,,,,Cáceres,,,,,Mañana,No,No